#sample	strand	convtype	total_read	read_with_peak	read_with_peak_perc	peaktype
PBEH2_BCBC00_PLASMIDPFC9_NTBSPQI_13_DESCLINEARBSAI_NT_COSSB	Neg	GH	1287	0	0	PEAK_TEMP
PBEH2_BCBC01_PLASMIDPFC9_NTBSPQI_13_DESCLINEARBSAI_TX	Neg	GH	770	0	0	PEAK_TEMP
PBEH2_BCBC02_PLASMIDPFC9_NTBSPQI_13_DESCLINEARBSAI_TX_RH1	Neg	GH	1911	0	0	PEAK_TEMP
PBEH2_BCBC03_PLASMIDPFC9_NTBSPQI_13_DESCLINEARBSAI_NT_NICKNTBSPQI13_COSSB	Neg	GH	1273	0	0	PEAK_TEMP
PBEH2_BCBC04_PLASMIDPFC9_NTBSPQI_13_DESCLINEARBSAI_TX_NICKNTBSPQI13	Neg	GH	6380	30	0.5	PEAK_TEMP
PBEH2_BCBC05_PLASMIDPFC9_NTBSPQI_13_DESCLINEARBSAI_TX_NICKNTBSPQI13_RH1	Neg	GH	1373	2	0.1	PEAK_TEMP
PBEH2_BCBC06_PLASMIDPFC9_NTBSPQI_11_DESCLINEARBSAI_NT_COSSB	Neg	GH	9791	2	0	PEAK_TEMP
PBEH2_BCBC07_PLASMIDPFC9_NTBSPQI_11_DESCLINEARBSAI_TX	Neg	GH	14836	5	0	PEAK_TEMP
PBEH2_BCBC08_PLASMIDPFC9_NTBSPQI_11_DESCLINEARBSAI_TX_RH1	Neg	GH	10931	5	0	PEAK_TEMP
PBEH2_BCBC09_PLASMIDPFC9_NTBSPQI_11_DESCLINEARBSAI_NT_NICKNTBSPQI11_COSSB	Neg	GH	11750	0	0	PEAK_TEMP
PBEH2_BCBC10_PLASMIDPFC9_NTBSPQI_11_DESCLINEARBSAI_TX_NICKNTBSPQI11	Neg	GH	10348	1	0	PEAK_TEMP
PBEH2_BCBC11_PLASMIDPFC9_NTBSPQI_11_DESCLINEARBSAI_TX_NICKNTBSPQI11_RH1	Neg	GH	14921	15	0.1	PEAK_TEMP
PBEH2_BCBC12_PLASMIDPFC9_NTBSPQI_08_DESCLINEARBSAI_NT_COSSB	Neg	GH	2068	0	0	PEAK_TEMP
PBEH2_BCBC13_PLASMIDPFC9_NTBSPQI_08_DESCLINEARBSAI_TX	Neg	GH	18628	2	0	PEAK_TEMP
PBEH2_BCBC14_PLASMIDPFC9_NTBSPQI_08_DESCLINEARBSAI_TX_RH1	Neg	GH	729	2	0.3	PEAK_TEMP
PBEH2_BCBC15_PLASMIDPFC9_NTBSPQI_08_DESCLINEARBSAI_NT_NICKNTBSPQI08_COSSB	Neg	GH	2412	1	0	PEAK_TEMP
PBEH2_BCBC16_PLASMIDPFC9_NTBSPQI_08_DESCLINEARBSAI_TX_NICKNTBSPQI08	Neg	GH	2561	0	0	PEAK_TEMP
PBEH2_BCBC17_PLASMIDPFC9_NTBSPQI_08_DESCLINEARBSAI_TX_NICKNTBSPQI08_RH1	Neg	GH	7629	10	0.1	PEAK_TEMP
PBEH2_BCBC18_PLASMIDPFC9_NTBSPQI_13_DESCLINEARBSAI_NT_NICKNTBSPQI13_COSSB	Neg	GH	238	1	0.4	PEAK_TEMP
PBEH2_BCBC19_PLASMIDPFC9_NTBSPQI_13_DESCLINEARBSAI_TX_NICKNTBSPQI13_COSSB	Neg	GH	894	0	0	PEAK_TEMP
PBEH2_BCBC20_PLASMIDPFC9_NTBSPQI_13_DESCLINEARBSAI_TX_NICKNTBSPQI13_POSTSSB	Neg	GH	709	0	0	PEAK_TEMP
PBEH2_BCBC21_PLASMIDPFC9_NTBSPQI_13_DESCLINEARBSAI_TX_NICKNTBSPQI13_COSSB_RH1	Neg	GH	478	3	0.6	PEAK_TEMP
PBEH2_BCBC22_PLASMIDPFC9_NTBSPQI_11_DESCLINEARBSAI_NT_NICKNTBSPQI11_COSSB	Neg	GH	7650	2	0	PEAK_TEMP
PBEH2_BCBC23_PLASMIDPFC9_NTBSPQI_11_DESCLINEARBSAI_TX_NICKNTBSPQI11_COSSB	Neg	GH	6099	0	0	PEAK_TEMP
PBEH2_BCBC24_PLASMIDPFC9_NTBSPQI_11_DESCLINEARBSAI_TX_NICKNTBSPQI11_POSTSSB	Neg	GH	7637	2	0	PEAK_TEMP
PBEH2_BCBC25_PLASMIDPFC9_NTBSPQI_11_DESCLINEARBSAI_TX_NICKNTBSPQI11_COSSB_RH1	Neg	GH	9121	7	0.1	PEAK_TEMP
PBEH2_BCBC26_PLASMIDPFC9_NTBSPQI_08_DESCLINEARBSAI_NT_NICKNTBSPQI08_COSSB	Neg	GH	12310	1	0	PEAK_TEMP
PBEH2_BCBC27_PLASMIDPFC9_NTBSPQI_08_DESCLINEARBSAI_TX_NICKNTBSPQI08_COSSB	Neg	GH	11155	10	0.1	PEAK_TEMP
PBEH2_BCBC28_PLASMIDPFC9_NTBSPQI_08_DESCLINEARBSAI_TX_NICKNTBSPQI08_POSTSSB	Neg	GH	9423	50	0.5	PEAK_TEMP
PBEH2_BCBC29_PLASMIDPFC9_NTBSPQI_08_DESCLINEARBSAI_TX_NICKNTBSPQI08_COSSB_RH1	Neg	GH	9567	25	0.3	PEAK_TEMP
PBEH2_BCBC30_PLASMIDVR20F_1LOW1_DESCSUPERCOIL_NT	Neg	GH	548	0	0	PEAK_TEMP
PBEH2_BCBC30_PLASMIDVR20F_1LOW2_DESCSUPERCOIL_NT	Neg	GH	375	2	0.5	PEAK_TEMP
PBEH2_BCBC30_PLASMIDVR20F_1LOW3_DESCSUPERCOIL_NT	Neg	GH	321	5	1.6	PEAK_TEMP
PBEH2_BCBC30_PLASMIDVR20F_2MED1_DESCSUPERCOIL_NT	Neg	GH	739	4	0.5	PEAK_TEMP
PBEH2_BCBC30_PLASMIDVR20F_2MED2_DESCSUPERCOIL_NT	Neg	GH	441	0	0	PEAK_TEMP
PBEH2_BCBC30_PLASMIDVR20F_2MED3_DESCSUPERCOIL_NT	Neg	GH	746	1	0.1	PEAK_TEMP
PBEH2_BCBC30_PLASMIDVR20F_3HGH1_DESCSUPERCOIL_NT	Neg	GH	756	4	0.5	PEAK_TEMP
PBEH2_BCBC30_PLASMIDVR20F_3HGH2_DESCSUPERCOIL_NT	Neg	GH	916	3	0.3	PEAK_TEMP
PBEH2_BCBC30_PLASMIDVR20F_3HGH3_DESCSUPERCOIL_NT	Neg	GH	504	1	0.2	PEAK_TEMP
PBEH2_BCBC31_PLASMIDVR20F_1LOW1_DESCSUPERCOIL_TX	Neg	GH	142	7	4.9	PEAK_TEMP
PBEH2_BCBC31_PLASMIDVR20F_1LOW2_DESCSUPERCOIL_TX	Neg	GH	86	0	0	PEAK_TEMP
PBEH2_BCBC31_PLASMIDVR20F_1LOW3_DESCSUPERCOIL_TX	Neg	GH	88	2	2.3	PEAK_TEMP
PBEH2_BCBC31_PLASMIDVR20F_2MED1_DESCSUPERCOIL_TX	Neg	GH	237	11	4.6	PEAK_TEMP
PBEH2_BCBC31_PLASMIDVR20F_2MED2_DESCSUPERCOIL_TX	Neg	GH	127	6	4.7	PEAK_TEMP
PBEH2_BCBC31_PLASMIDVR20F_2MED3_DESCSUPERCOIL_TX	Neg	GH	229	8	3.5	PEAK_TEMP
PBEH2_BCBC31_PLASMIDVR20F_3HGH1_DESCSUPERCOIL_TX	Neg	GH	200	8	4	PEAK_TEMP
PBEH2_BCBC31_PLASMIDVR20F_3HGH2_DESCSUPERCOIL_TX	Neg	GH	203	8	3.9	PEAK_TEMP
PBEH2_BCBC31_PLASMIDVR20F_3HGH3_DESCSUPERCOIL_TX	Neg	GH	155	6	3.9	PEAK_TEMP
PBEH2_BCBC32_PLASMIDVR20F_1LOW1_DESCSUPERCOIL_TX_RH1	Neg	GH	641	10	1.6	PEAK_TEMP
PBEH2_BCBC32_PLASMIDVR20F_1LOW2_DESCSUPERCOIL_TX_RH1	Neg	GH	337	7	2.1	PEAK_TEMP
PBEH2_BCBC32_PLASMIDVR20F_1LOW3_DESCSUPERCOIL_TX_RH1	Neg	GH	341	10	2.9	PEAK_TEMP
PBEH2_BCBC32_PLASMIDVR20F_2MED1_DESCSUPERCOIL_TX_RH1	Neg	GH	838	13	1.6	PEAK_TEMP
PBEH2_BCBC32_PLASMIDVR20F_2MED2_DESCSUPERCOIL_TX_RH1	Neg	GH	522	10	1.9	PEAK_TEMP
PBEH2_BCBC32_PLASMIDVR20F_2MED3_DESCSUPERCOIL_TX_RH1	Neg	GH	803	2	0.2	PEAK_TEMP
PBEH2_BCBC32_PLASMIDVR20F_3HGH1_DESCSUPERCOIL_TX_RH1	Neg	GH	831	9	1.1	PEAK_TEMP
PBEH2_BCBC32_PLASMIDVR20F_3HGH2_DESCSUPERCOIL_TX_RH1	Neg	GH	1051	17	1.6	PEAK_TEMP
PBEH2_BCBC32_PLASMIDVR20F_3HGH3_DESCSUPERCOIL_TX_RH1	Neg	GH	568	7	1.2	PEAK_TEMP
PBEH2_BCBC33_PLASMIDVR20F_1LOW1_DESCLINEARPSII_NT	Neg	GH	8833	14	0.2	PEAK_TEMP
PBEH2_BCBC33_PLASMIDVR20F_1LOW2_DESCLINEARPSII_NT	Neg	GH	5887	15	0.3	PEAK_TEMP
PBEH2_BCBC33_PLASMIDVR20F_1LOW3_DESCLINEARPSII_NT	Neg	GH	3647	9	0.2	PEAK_TEMP
PBEH2_BCBC33_PLASMIDVR20F_2MED1_DESCLINEARPSII_NT	Neg	GH	10304	28	0.3	PEAK_TEMP
PBEH2_BCBC33_PLASMIDVR20F_2MED2_DESCLINEARPSII_NT	Neg	GH	11277	178	1.6	PEAK_TEMP
PBEH2_BCBC33_PLASMIDVR20F_2MED3_DESCLINEARPSII_NT	Neg	GH	15630	50	0.3	PEAK_TEMP
PBEH2_BCBC33_PLASMIDVR20F_3HGH1_DESCLINEARPSII_NT	Neg	GH	12707	20	0.2	PEAK_TEMP
PBEH2_BCBC33_PLASMIDVR20F_3HGH2_DESCLINEARPSII_NT	Neg	GH	16890	35	0.2	PEAK_TEMP
PBEH2_BCBC33_PLASMIDVR20F_3HGH3_DESCLINEARPSII_NT	Neg	GH	7644	28	0.4	PEAK_TEMP
PBEH2_BCBC34_PLASMIDVR20F_1LOW1_DESCLINEARPSII_TX	Neg	GH	738	1	0.1	PEAK_TEMP
PBEH2_BCBC34_PLASMIDVR20F_1LOW2_DESCLINEARPSII_TX	Neg	GH	337	3	0.9	PEAK_TEMP
PBEH2_BCBC34_PLASMIDVR20F_1LOW3_DESCLINEARPSII_TX	Neg	GH	249	1	0.4	PEAK_TEMP
PBEH2_BCBC34_PLASMIDVR20F_2MED1_DESCLINEARPSII_TX	Neg	GH	926	5	0.5	PEAK_TEMP
PBEH2_BCBC34_PLASMIDVR20F_2MED2_DESCLINEARPSII_TX	Neg	GH	635	3	0.5	PEAK_TEMP
PBEH2_BCBC34_PLASMIDVR20F_2MED3_DESCLINEARPSII_TX	Neg	GH	846	9	1.1	PEAK_TEMP
PBEH2_BCBC34_PLASMIDVR20F_3HGH1_DESCLINEARPSII_TX	Neg	GH	676	3	0.4	PEAK_TEMP
PBEH2_BCBC34_PLASMIDVR20F_3HGH2_DESCLINEARPSII_TX	Neg	GH	927	5	0.5	PEAK_TEMP
PBEH2_BCBC34_PLASMIDVR20F_3HGH3_DESCLINEARPSII_TX	Neg	GH	698	2	0.3	PEAK_TEMP
PBEH2_BCBC35_PLASMIDVR20F_1LOW1_DESCLINEARPSII_TX_RH1	Neg	GH	4784	10	0.2	PEAK_TEMP
PBEH2_BCBC35_PLASMIDVR20F_1LOW2_DESCLINEARPSII_TX_RH1	Neg	GH	1952	9	0.5	PEAK_TEMP
PBEH2_BCBC35_PLASMIDVR20F_1LOW3_DESCLINEARPSII_TX_RH1	Neg	GH	1512	5	0.3	PEAK_TEMP
PBEH2_BCBC35_PLASMIDVR20F_2MED1_DESCLINEARPSII_TX_RH1	Neg	GH	5997	3	0.1	PEAK_TEMP
PBEH2_BCBC35_PLASMIDVR20F_2MED2_DESCLINEARPSII_TX_RH1	Neg	GH	3884	7	0.2	PEAK_TEMP
PBEH2_BCBC35_PLASMIDVR20F_2MED3_DESCLINEARPSII_TX_RH1	Neg	GH	5646	6	0.1	PEAK_TEMP
PBEH2_BCBC35_PLASMIDVR20F_3HGH1_DESCLINEARPSII_TX_RH1	Neg	GH	4582	4	0.1	PEAK_TEMP
PBEH2_BCBC35_PLASMIDVR20F_3HGH2_DESCLINEARPSII_TX_RH1	Neg	GH	6215	3	0	PEAK_TEMP
PBEH2_BCBC35_PLASMIDVR20F_3HGH3_DESCLINEARPSII_TX_RH1	Neg	GH	4111	6	0.1	PEAK_TEMP
PBEH2_BCBC36_PLASMIDPFC9_DESCLINEARAPALI_NT	Neg	GH	70	1	1.4	PEAK_TEMP
PBEH2_BCBC36_PLASMIDT7INIT_VR10_DESCLINEARAPALI_NT	Neg	GH	33	0	0	PEAK_TEMP
PBEH2_BCBC36_PLASMIDT7INIT_VR20_DESCLINEARAPALI_NT	Neg	GH	36	1	2.8	PEAK_TEMP
PBEH2_BCBC37_PLASMIDPFC9_DESCLINEARAPALI_TX	Neg	GH	2448	4	0.2	PEAK_TEMP
PBEH2_BCBC37_PLASMIDT7INIT_VR10_DESCLINEARAPALI_TX	Neg	GH	11047	14	0.1	PEAK_TEMP
PBEH2_BCBC37_PLASMIDT7INIT_VR20_DESCLINEARAPALI_TX	Neg	GH	8734	16	0.2	PEAK_TEMP
PBEH2_BCBC38_PLASMIDPFC9_DESCLINEARAPALI_TX_RH1	Neg	GH	1946	2	0.1	PEAK_TEMP
PBEH2_BCBC38_PLASMIDT7INIT_VR10_DESCLINEARAPALI_TX_RH1	Neg	GH	9330	3	0	PEAK_TEMP
PBEH2_BCBC38_PLASMIDT7INIT_VR20_DESCLINEARAPALI_TX_RH1	Neg	GH	8791	3	0	PEAK_TEMP
PBEH2_BCBC39_PLASMIDPFC9_DESCLINEARAPALI_NT_CORPA	Neg	GH	1409	1	0.1	PEAK_TEMP
PBEH2_BCBC39_PLASMIDT7INIT_VR10_DESCLINEARAPALI_NT_CORPA	Neg	GH	7818	1	0	PEAK_TEMP
PBEH2_BCBC39_PLASMIDT7INIT_VR20_DESCLINEARAPALI_NT_CORPA	Neg	GH	7703	0	0	PEAK_TEMP
PBEH2_BCBC40_PLASMIDPFC9_DESCLINEARAPALI_TX_CORPA	Neg	GH	850	8	0.9	PEAK_TEMP
PBEH2_BCBC40_PLASMIDT7INIT_VR10_DESCLINEARAPALI_TX_CORPA	Neg	GH	2576	18	0.7	PEAK_TEMP
PBEH2_BCBC40_PLASMIDT7INIT_VR20_DESCLINEARAPALI_TX_CORPA	Neg	GH	1621	22	1.4	PEAK_TEMP
PBEH2_BCBC41_PLASMIDPFC9_DESCLINEARAPALI_TX_CORPA_RH1	Neg	GH	3419	16	0.5	PEAK_TEMP
PBEH2_BCBC41_PLASMIDT7INIT_VR10_DESCLINEARAPALI_TX_CORPA_RH1	Neg	GH	13573	71	0.5	PEAK_TEMP
PBEH2_BCBC41_PLASMIDT7INIT_VR20_DESCLINEARAPALI_TX_CORPA_RH1	Neg	GH	11854	59	0.5	PEAK_TEMP
PBEH2_BCBC42_PLASMIDPFC9_DESCLINEARAPALI_NT_CORPA_DEPROTEINZED	Neg	GH	5356	20	0.4	PEAK_TEMP
PBEH2_BCBC42_PLASMIDT7INIT_VR10_DESCLINEARAPALI_NT_CORPA_DEPROTEINZED	Neg	GH	20012	46	0.2	PEAK_TEMP
PBEH2_BCBC42_PLASMIDT7INIT_VR20_DESCLINEARAPALI_NT_CORPA_DEPROTEINZED	Neg	GH	20061	72	0.4	PEAK_TEMP
PBEH2_BCBC43_PLASMIDPFC9_DESCLINEARAPALI_TX_CORPA_DEPROTEINZED	Neg	GH	351	7	2	PEAK_TEMP
PBEH2_BCBC43_PLASMIDT7INIT_VR10_DESCLINEARAPALI_TX_CORPA_DEPROTEINZED	Neg	GH	886	78	8.8	PEAK_TEMP
PBEH2_BCBC43_PLASMIDT7INIT_VR20_DESCLINEARAPALI_TX_CORPA_DEPROTEINZED	Neg	GH	386	41	10.6	PEAK_TEMP
PBEH2_BCBC44_PLASMIDPFC9_DESCLINEARAPALI_TX_CORPA_DEPROTEINZED_RH1	Neg	GH	11695	92	0.8	PEAK_TEMP
PBEH2_BCBC44_PLASMIDT7INIT_VR10_DESCLINEARAPALI_TX_CORPA_DEPROTEINZED_RH1	Neg	GH	21368	343	1.6	PEAK_TEMP
PBEH2_BCBC44_PLASMIDT7INIT_VR20_DESCLINEARAPALI_TX_CORPA_DEPROTEINZED_RH1	Neg	GH	20708	237	1.1	PEAK_TEMP
PBEH2_BCBC45_PLASMIDT7INIT_VR10_DESCSUPERCOIL_NT_COSSB	Neg	GH	1316	37	2.8	PEAK_TEMP
PBEH2_BCBC46_PLASMIDT7INIT_VR10_DESCSUPERCOIL_TX_COSSB	Neg	GH	68	0	0	PEAK_TEMP
PBEH2_BCBC47_PLASMIDT7INIT_VR10_DESCSUPERCOIL_TX_POSTSSB	Neg	GH	1647	1	0.1	PEAK_TEMP
PBEH2_BCBC48_PLASMIDT7INIT_VR10_DESCSUPERCOIL_TX_COSSB_RH1	Neg	GH	1554	0	0	PEAK_TEMP
PBEH2_BCBC49_PLASMIDT7INIT_VR20_DESCSUPERCOIL_NT_COSSB	Neg	GH	1809	42	2.3	PEAK_TEMP
PBEH2_BCBC50_PLASMIDT7INIT_VR20_DESCSUPERCOIL_TX_COSSB	Neg	GH	1613	0	0	PEAK_TEMP
PBEH2_BCBC51_PLASMIDT7INIT_VR20_DESCSUPERCOIL_TX_POSTSSB	Neg	GH	1943	1	0.1	PEAK_TEMP
PBEH2_BCBC52_PLASMIDT7INIT_VR20_DESCSUPERCOIL_TX_COSSB_RH1	Neg	GH	1080	0	0	PEAK_TEMP
PBEH2_BCBC53_PLASMIDPFC9_DESCSUPERCOIL_NT_COSSB	Neg	GH	3251	18	0.6	PEAK_TEMP
PBEH2_BCBC54_PLASMIDPFC9_DESCSUPERCOIL_TX_COSSB	Neg	GH	1309	3	0.2	PEAK_TEMP
PBEH2_BCBC55_PLASMIDPFC9_DESCSUPERCOIL_TX_POSTSSB	Neg	GH	1152	4	0.3	PEAK_TEMP
PBEH2_BCBC56_PLASMIDPFC9_DESCSUPERCOIL_TX_COSSB_RH1	Neg	GH	1173	1	0.1	PEAK_TEMP
PBEH2_BCBC57_PLASMIDPFC53_DESCSUPERCOIL_NT_COSSB	Neg	GH	14	0	0	PEAK_TEMP
PBEH2_BCBC58_PLASMIDPFC53_DESCSUPERCOIL_TX_COSSB	Neg	GH	40	0	0	PEAK_TEMP
PBEH2_BCBC59_PLASMIDPFC53_DESCSUPERCOIL_TX_POSTSSB	Neg	GH	11	0	0	PEAK_TEMP
PBEH2_BCBC60_PLASMIDPFC53_DESCSUPERCOIL_TX_COSSB_RH1	Neg	GH	5	0	0	PEAK_TEMP
PBEH2_BCBC61_PLASMIDPFC53_T3TERMSHORT_VR01_DESCSUPERCOIL_NT	Neg	GH	851	1	0.1	PEAK_TEMP
PBEH2_BCBC61_PLASMIDPFC53_T3TERMSHORT_VR02_DESCSUPERCOIL_NT	Neg	GH	447	0	0	PEAK_TEMP
PBEH2_BCBC61_PLASMIDPFC53_T3TERMSHORT_VR03_DESCSUPERCOIL_NT	Neg	GH	969	0	0	PEAK_TEMP
PBEH2_BCBC61_PLASMIDPFC53_T3TERMSHORT_VR04_DESCSUPERCOIL_NT	Neg	GH	579	2	0.3	PEAK_TEMP
PBEH2_BCBC61_PLASMIDPFC53_T3TERMSHORT_VR05_DESCSUPERCOIL_NT	Neg	GH	530	0	0	PEAK_TEMP
PBEH2_BCBC61_PLASMIDPFC53_T3TERMSHORT_VR06_DESCSUPERCOIL_NT	Neg	GH	731	1	0.1	PEAK_TEMP
PBEH2_BCBC61_PLASMIDPFC53_T3TERMSHORT_VR07_DESCSUPERCOIL_NT	Neg	GH	631	0	0	PEAK_TEMP
PBEH2_BCBC61_PLASMIDPFC53_T3TERMSHORT_VR08_DESCSUPERCOIL_NT	Neg	GH	536	0	0	PEAK_TEMP
PBEH2_BCBC61_PLASMIDPFC53_T3TERMSHORT_VR09_DESCSUPERCOIL_NT	Neg	GH	950	3	0.3	PEAK_TEMP
PBEH2_BCBC61_PLASMIDPFC53_T3TERMSHORT_VR10_DESCSUPERCOIL_NT	Neg	GH	525	1	0.2	PEAK_TEMP
PBEH2_BCBC61_PLASMIDPFC53_T3TERMSHORT_VR11_DESCSUPERCOIL_NT	Neg	GH	445	0	0	PEAK_TEMP
PBEH2_BCBC61_PLASMIDPFC53_T3TERMSHORT_VR12_DESCSUPERCOIL_NT	Neg	GH	485	1	0.2	PEAK_TEMP
PBEH2_BCBC61_PLASMIDPFC53_T3TERMSHORT_VR13_DESCSUPERCOIL_NT	Neg	GH	665	3	0.5	PEAK_TEMP
PBEH2_BCBC61_PLASMIDPFC53_T3TERMSHORT_VR14_DESCSUPERCOIL_NT	Neg	GH	510	2	0.4	PEAK_TEMP
PBEH2_BCBC61_PLASMIDPFC53_T3TERMSHORT_VR15_DESCSUPERCOIL_NT	Neg	GH	299	0	0	PEAK_TEMP
PBEH2_BCBC61_PLASMIDPFC53_T3TERMSHORT_VR16_DESCSUPERCOIL_NT	Neg	GH	522	0	0	PEAK_TEMP
PBEH2_BCBC61_PLASMIDPFC53_T3TERMSHORT_VR17_DESCSUPERCOIL_NT	Neg	GH	295	0	0	PEAK_TEMP
PBEH2_BCBC61_PLASMIDPFC53_T3TERMSHORT_VR18_DESCSUPERCOIL_NT	Neg	GH	688	3	0.4	PEAK_TEMP
PBEH2_BCBC61_PLASMIDPFC53_T3TERMSHORT_VR19_DESCSUPERCOIL_NT	Neg	GH	546	0	0	PEAK_TEMP
PBEH2_BCBC61_PLASMIDPFC53_T3TERMSHORT_VR20_DESCSUPERCOIL_NT	Neg	GH	673	3	0.4	PEAK_TEMP
PBEH2_BCBC61_PLASMIDPFC53_T3TERMSHORT_VR21_DESCSUPERCOIL_NT	Neg	GH	108	0	0	PEAK_TEMP
PBEH2_BCBC61_PLASMIDPFC53_T3TERMSHORT_VR22_DESCSUPERCOIL_NT	Neg	GH	622	1	0.2	PEAK_TEMP
PBEH2_BCBC61_PLASMIDPFC53_T3TERMSHORT_VR23_DESCSUPERCOIL_NT	Neg	GH	683	2	0.3	PEAK_TEMP
PBEH2_BCBC61_PLASMIDPFC53_T3TERMSHORT_VR24_DESCSUPERCOIL_NT	Neg	GH	641	0	0	PEAK_TEMP
PBEH2_BCBC61_PLASMIDPFC53_T3TERMSHORT_VR25_DESCSUPERCOIL_NT	Neg	GH	498	1	0.2	PEAK_TEMP
PBEH2_BCBC61_PLASMIDPFC53_T3TERMSHORT_VR26_DESCSUPERCOIL_NT	Neg	GH	604	0	0	PEAK_TEMP
PBEH2_BCBC61_PLASMIDPFC53_T3TERMSHORT_VR27_DESCSUPERCOIL_NT	Neg	GH	478	1	0.2	PEAK_TEMP
PBEH2_BCBC61_PLASMIDPFC53_T3TERMSHORT_VR28_DESCSUPERCOIL_NT	Neg	GH	353	0	0	PEAK_TEMP
PBEH2_BCBC61_PLASMIDPFC53_T3TERMSHORT_VR29_DESCSUPERCOIL_NT	Neg	GH	808	1	0.1	PEAK_TEMP
PBEH2_BCBC61_PLASMIDPFC53_T3TERMSHORT_VR30_DESCSUPERCOIL_NT	Neg	GH	434	0	0	PEAK_TEMP
PBEH2_BCBC61_PLASMIDPFC53_T3TERMSHORT_VR31_DESCSUPERCOIL_NT	Neg	GH	319	0	0	PEAK_TEMP
PBEH2_BCBC62_PLASMIDPFC53_T3TERMSHORT_VR01_DESCSUPERCOIL_TX	Neg	GH	1857	2	0.1	PEAK_TEMP
PBEH2_BCBC62_PLASMIDPFC53_T3TERMSHORT_VR02_DESCSUPERCOIL_TX	Neg	GH	1056	1	0.1	PEAK_TEMP
PBEH2_BCBC62_PLASMIDPFC53_T3TERMSHORT_VR03_DESCSUPERCOIL_TX	Neg	GH	2299	2	0.1	PEAK_TEMP
PBEH2_BCBC62_PLASMIDPFC53_T3TERMSHORT_VR04_DESCSUPERCOIL_TX	Neg	GH	1131	1	0.1	PEAK_TEMP
PBEH2_BCBC62_PLASMIDPFC53_T3TERMSHORT_VR05_DESCSUPERCOIL_TX	Neg	GH	1103	1	0.1	PEAK_TEMP
PBEH2_BCBC62_PLASMIDPFC53_T3TERMSHORT_VR06_DESCSUPERCOIL_TX	Neg	GH	1651	1	0.1	PEAK_TEMP
PBEH2_BCBC62_PLASMIDPFC53_T3TERMSHORT_VR07_DESCSUPERCOIL_TX	Neg	GH	1426	1	0.1	PEAK_TEMP
PBEH2_BCBC62_PLASMIDPFC53_T3TERMSHORT_VR08_DESCSUPERCOIL_TX	Neg	GH	1138	1	0.1	PEAK_TEMP
PBEH2_BCBC62_PLASMIDPFC53_T3TERMSHORT_VR09_DESCSUPERCOIL_TX	Neg	GH	2185	0	0	PEAK_TEMP
PBEH2_BCBC62_PLASMIDPFC53_T3TERMSHORT_VR10_DESCSUPERCOIL_TX	Neg	GH	1008	1	0.1	PEAK_TEMP
PBEH2_BCBC62_PLASMIDPFC53_T3TERMSHORT_VR11_DESCSUPERCOIL_TX	Neg	GH	942	0	0	PEAK_TEMP
PBEH2_BCBC62_PLASMIDPFC53_T3TERMSHORT_VR12_DESCSUPERCOIL_TX	Neg	GH	959	2	0.2	PEAK_TEMP
PBEH2_BCBC62_PLASMIDPFC53_T3TERMSHORT_VR13_DESCSUPERCOIL_TX	Neg	GH	1534	2	0.1	PEAK_TEMP
PBEH2_BCBC62_PLASMIDPFC53_T3TERMSHORT_VR14_DESCSUPERCOIL_TX	Neg	GH	1154	0	0	PEAK_TEMP
PBEH2_BCBC62_PLASMIDPFC53_T3TERMSHORT_VR15_DESCSUPERCOIL_TX	Neg	GH	716	1	0.1	PEAK_TEMP
PBEH2_BCBC62_PLASMIDPFC53_T3TERMSHORT_VR16_DESCSUPERCOIL_TX	Neg	GH	1305	1	0.1	PEAK_TEMP
PBEH2_BCBC62_PLASMIDPFC53_T3TERMSHORT_VR17_DESCSUPERCOIL_TX	Neg	GH	553	0	0	PEAK_TEMP
PBEH2_BCBC62_PLASMIDPFC53_T3TERMSHORT_VR18_DESCSUPERCOIL_TX	Neg	GH	1623	0	0	PEAK_TEMP
PBEH2_BCBC62_PLASMIDPFC53_T3TERMSHORT_VR19_DESCSUPERCOIL_TX	Neg	GH	1362	1	0.1	PEAK_TEMP
PBEH2_BCBC62_PLASMIDPFC53_T3TERMSHORT_VR20_DESCSUPERCOIL_TX	Neg	GH	1460	3	0.2	PEAK_TEMP
PBEH2_BCBC62_PLASMIDPFC53_T3TERMSHORT_VR21_DESCSUPERCOIL_TX	Neg	GH	144	0	0	PEAK_TEMP
PBEH2_BCBC62_PLASMIDPFC53_T3TERMSHORT_VR22_DESCSUPERCOIL_TX	Neg	GH	1472	2	0.1	PEAK_TEMP
PBEH2_BCBC62_PLASMIDPFC53_T3TERMSHORT_VR23_DESCSUPERCOIL_TX	Neg	GH	1669	3	0.2	PEAK_TEMP
PBEH2_BCBC62_PLASMIDPFC53_T3TERMSHORT_VR24_DESCSUPERCOIL_TX	Neg	GH	1486	1	0.1	PEAK_TEMP
PBEH2_BCBC62_PLASMIDPFC53_T3TERMSHORT_VR25_DESCSUPERCOIL_TX	Neg	GH	922	1	0.1	PEAK_TEMP
PBEH2_BCBC62_PLASMIDPFC53_T3TERMSHORT_VR26_DESCSUPERCOIL_TX	Neg	GH	1427	2	0.1	PEAK_TEMP
PBEH2_BCBC62_PLASMIDPFC53_T3TERMSHORT_VR27_DESCSUPERCOIL_TX	Neg	GH	963	2	0.2	PEAK_TEMP
PBEH2_BCBC62_PLASMIDPFC53_T3TERMSHORT_VR28_DESCSUPERCOIL_TX	Neg	GH	777	0	0	PEAK_TEMP
PBEH2_BCBC62_PLASMIDPFC53_T3TERMSHORT_VR29_DESCSUPERCOIL_TX	Neg	GH	1871	0	0	PEAK_TEMP
PBEH2_BCBC62_PLASMIDPFC53_T3TERMSHORT_VR30_DESCSUPERCOIL_TX	Neg	GH	977	0	0	PEAK_TEMP
PBEH2_BCBC62_PLASMIDPFC53_T3TERMSHORT_VR31_DESCSUPERCOIL_TX	Neg	GH	573	1	0.2	PEAK_TEMP
PBEH2_BCBC63_PLASMIDPFC53_T3TERMSHORT_VR01_DESCSUPERCOIL_TX_RH1	Neg	GH	2028	4	0.2	PEAK_TEMP
PBEH2_BCBC63_PLASMIDPFC53_T3TERMSHORT_VR02_DESCSUPERCOIL_TX_RH1	Neg	GH	1216	1	0.1	PEAK_TEMP
PBEH2_BCBC63_PLASMIDPFC53_T3TERMSHORT_VR03_DESCSUPERCOIL_TX_RH1	Neg	GH	2564	5	0.2	PEAK_TEMP
PBEH2_BCBC63_PLASMIDPFC53_T3TERMSHORT_VR04_DESCSUPERCOIL_TX_RH1	Neg	GH	1214	5	0.4	PEAK_TEMP
PBEH2_BCBC63_PLASMIDPFC53_T3TERMSHORT_VR05_DESCSUPERCOIL_TX_RH1	Neg	GH	1192	2	0.2	PEAK_TEMP
PBEH2_BCBC63_PLASMIDPFC53_T3TERMSHORT_VR06_DESCSUPERCOIL_TX_RH1	Neg	GH	1860	7	0.4	PEAK_TEMP
PBEH2_BCBC63_PLASMIDPFC53_T3TERMSHORT_VR07_DESCSUPERCOIL_TX_RH1	Neg	GH	1510	7	0.5	PEAK_TEMP
PBEH2_BCBC63_PLASMIDPFC53_T3TERMSHORT_VR08_DESCSUPERCOIL_TX_RH1	Neg	GH	1351	5	0.4	PEAK_TEMP
PBEH2_BCBC63_PLASMIDPFC53_T3TERMSHORT_VR09_DESCSUPERCOIL_TX_RH1	Neg	GH	2331	8	0.3	PEAK_TEMP
PBEH2_BCBC63_PLASMIDPFC53_T3TERMSHORT_VR10_DESCSUPERCOIL_TX_RH1	Neg	GH	1109	1	0.1	PEAK_TEMP
PBEH2_BCBC63_PLASMIDPFC53_T3TERMSHORT_VR11_DESCSUPERCOIL_TX_RH1	Neg	GH	1065	1	0.1	PEAK_TEMP
PBEH2_BCBC63_PLASMIDPFC53_T3TERMSHORT_VR12_DESCSUPERCOIL_TX_RH1	Neg	GH	1114	0	0	PEAK_TEMP
PBEH2_BCBC63_PLASMIDPFC53_T3TERMSHORT_VR13_DESCSUPERCOIL_TX_RH1	Neg	GH	1679	3	0.2	PEAK_TEMP
PBEH2_BCBC63_PLASMIDPFC53_T3TERMSHORT_VR14_DESCSUPERCOIL_TX_RH1	Neg	GH	1326	2	0.2	PEAK_TEMP
PBEH2_BCBC63_PLASMIDPFC53_T3TERMSHORT_VR15_DESCSUPERCOIL_TX_RH1	Neg	GH	703	1	0.1	PEAK_TEMP
PBEH2_BCBC63_PLASMIDPFC53_T3TERMSHORT_VR16_DESCSUPERCOIL_TX_RH1	Neg	GH	1400	4	0.3	PEAK_TEMP
PBEH2_BCBC63_PLASMIDPFC53_T3TERMSHORT_VR17_DESCSUPERCOIL_TX_RH1	Neg	GH	674	1	0.1	PEAK_TEMP
PBEH2_BCBC63_PLASMIDPFC53_T3TERMSHORT_VR18_DESCSUPERCOIL_TX_RH1	Neg	GH	1817	1	0.1	PEAK_TEMP
PBEH2_BCBC63_PLASMIDPFC53_T3TERMSHORT_VR19_DESCSUPERCOIL_TX_RH1	Neg	GH	1408	4	0.3	PEAK_TEMP
PBEH2_BCBC63_PLASMIDPFC53_T3TERMSHORT_VR20_DESCSUPERCOIL_TX_RH1	Neg	GH	1583	5	0.3	PEAK_TEMP
PBEH2_BCBC63_PLASMIDPFC53_T3TERMSHORT_VR21_DESCSUPERCOIL_TX_RH1	Neg	GH	192	0	0	PEAK_TEMP
PBEH2_BCBC63_PLASMIDPFC53_T3TERMSHORT_VR22_DESCSUPERCOIL_TX_RH1	Neg	GH	1573	2	0.1	PEAK_TEMP
PBEH2_BCBC63_PLASMIDPFC53_T3TERMSHORT_VR23_DESCSUPERCOIL_TX_RH1	Neg	GH	1824	5	0.3	PEAK_TEMP
PBEH2_BCBC63_PLASMIDPFC53_T3TERMSHORT_VR24_DESCSUPERCOIL_TX_RH1	Neg	GH	1608	2	0.1	PEAK_TEMP
PBEH2_BCBC63_PLASMIDPFC53_T3TERMSHORT_VR25_DESCSUPERCOIL_TX_RH1	Neg	GH	1148	2	0.2	PEAK_TEMP
PBEH2_BCBC63_PLASMIDPFC53_T3TERMSHORT_VR26_DESCSUPERCOIL_TX_RH1	Neg	GH	1606	9	0.6	PEAK_TEMP
PBEH2_BCBC63_PLASMIDPFC53_T3TERMSHORT_VR27_DESCSUPERCOIL_TX_RH1	Neg	GH	1091	2	0.2	PEAK_TEMP
PBEH2_BCBC63_PLASMIDPFC53_T3TERMSHORT_VR28_DESCSUPERCOIL_TX_RH1	Neg	GH	808	1	0.1	PEAK_TEMP
PBEH2_BCBC63_PLASMIDPFC53_T3TERMSHORT_VR29_DESCSUPERCOIL_TX_RH1	Neg	GH	2083	4	0.2	PEAK_TEMP
PBEH2_BCBC63_PLASMIDPFC53_T3TERMSHORT_VR30_DESCSUPERCOIL_TX_RH1	Neg	GH	1013	0	0	PEAK_TEMP
PBEH2_BCBC63_PLASMIDPFC53_T3TERMSHORT_VR31_DESCSUPERCOIL_TX_RH1	Neg	GH	880	1	0.1	PEAK_TEMP
PBEH2_BCBC64_PLASMIDPFC53_T3TERMSHORT_VR01_DESCLINEARSCAI_NT	Neg	GH	1022	8	0.8	PEAK_TEMP
PBEH2_BCBC64_PLASMIDPFC53_T3TERMSHORT_VR02_DESCLINEARSCAI_NT	Neg	GH	638	2	0.3	PEAK_TEMP
PBEH2_BCBC64_PLASMIDPFC53_T3TERMSHORT_VR03_DESCLINEARSCAI_NT	Neg	GH	1356	5	0.4	PEAK_TEMP
PBEH2_BCBC64_PLASMIDPFC53_T3TERMSHORT_VR04_DESCLINEARSCAI_NT	Neg	GH	561	1	0.2	PEAK_TEMP
PBEH2_BCBC64_PLASMIDPFC53_T3TERMSHORT_VR05_DESCLINEARSCAI_NT	Neg	GH	646	1	0.2	PEAK_TEMP
PBEH2_BCBC64_PLASMIDPFC53_T3TERMSHORT_VR06_DESCLINEARSCAI_NT	Neg	GH	1014	5	0.5	PEAK_TEMP
PBEH2_BCBC64_PLASMIDPFC53_T3TERMSHORT_VR07_DESCLINEARSCAI_NT	Neg	GH	831	3	0.4	PEAK_TEMP
PBEH2_BCBC64_PLASMIDPFC53_T3TERMSHORT_VR08_DESCLINEARSCAI_NT	Neg	GH	637	2	0.3	PEAK_TEMP
PBEH2_BCBC64_PLASMIDPFC53_T3TERMSHORT_VR09_DESCLINEARSCAI_NT	Neg	GH	1199	6	0.5	PEAK_TEMP
PBEH2_BCBC64_PLASMIDPFC53_T3TERMSHORT_VR10_DESCLINEARSCAI_NT	Neg	GH	667	2	0.3	PEAK_TEMP
PBEH2_BCBC64_PLASMIDPFC53_T3TERMSHORT_VR11_DESCLINEARSCAI_NT	Neg	GH	650	1	0.2	PEAK_TEMP
PBEH2_BCBC64_PLASMIDPFC53_T3TERMSHORT_VR12_DESCLINEARSCAI_NT	Neg	GH	528	2	0.4	PEAK_TEMP
PBEH2_BCBC64_PLASMIDPFC53_T3TERMSHORT_VR13_DESCLINEARSCAI_NT	Neg	GH	790	3	0.4	PEAK_TEMP
PBEH2_BCBC64_PLASMIDPFC53_T3TERMSHORT_VR14_DESCLINEARSCAI_NT	Neg	GH	693	2	0.3	PEAK_TEMP
PBEH2_BCBC64_PLASMIDPFC53_T3TERMSHORT_VR15_DESCLINEARSCAI_NT	Neg	GH	403	0	0	PEAK_TEMP
PBEH2_BCBC64_PLASMIDPFC53_T3TERMSHORT_VR16_DESCLINEARSCAI_NT	Neg	GH	748	1	0.1	PEAK_TEMP
PBEH2_BCBC64_PLASMIDPFC53_T3TERMSHORT_VR17_DESCLINEARSCAI_NT	Neg	GH	440	0	0	PEAK_TEMP
PBEH2_BCBC64_PLASMIDPFC53_T3TERMSHORT_VR18_DESCLINEARSCAI_NT	Neg	GH	787	2	0.3	PEAK_TEMP
PBEH2_BCBC64_PLASMIDPFC53_T3TERMSHORT_VR19_DESCLINEARSCAI_NT	Neg	GH	735	0	0	PEAK_TEMP
PBEH2_BCBC64_PLASMIDPFC53_T3TERMSHORT_VR20_DESCLINEARSCAI_NT	Neg	GH	1005	3	0.3	PEAK_TEMP
PBEH2_BCBC64_PLASMIDPFC53_T3TERMSHORT_VR21_DESCLINEARSCAI_NT	Neg	GH	50	0	0	PEAK_TEMP
PBEH2_BCBC64_PLASMIDPFC53_T3TERMSHORT_VR22_DESCLINEARSCAI_NT	Neg	GH	825	6	0.7	PEAK_TEMP
PBEH2_BCBC64_PLASMIDPFC53_T3TERMSHORT_VR23_DESCLINEARSCAI_NT	Neg	GH	918	6	0.7	PEAK_TEMP
PBEH2_BCBC64_PLASMIDPFC53_T3TERMSHORT_VR24_DESCLINEARSCAI_NT	Neg	GH	907	0	0	PEAK_TEMP
PBEH2_BCBC64_PLASMIDPFC53_T3TERMSHORT_VR25_DESCLINEARSCAI_NT	Neg	GH	650	2	0.3	PEAK_TEMP
PBEH2_BCBC64_PLASMIDPFC53_T3TERMSHORT_VR26_DESCLINEARSCAI_NT	Neg	GH	857	4	0.5	PEAK_TEMP
PBEH2_BCBC64_PLASMIDPFC53_T3TERMSHORT_VR27_DESCLINEARSCAI_NT	Neg	GH	581	2	0.3	PEAK_TEMP
PBEH2_BCBC64_PLASMIDPFC53_T3TERMSHORT_VR28_DESCLINEARSCAI_NT	Neg	GH	430	2	0.5	PEAK_TEMP
PBEH2_BCBC64_PLASMIDPFC53_T3TERMSHORT_VR29_DESCLINEARSCAI_NT	Neg	GH	968	5	0.5	PEAK_TEMP
PBEH2_BCBC64_PLASMIDPFC53_T3TERMSHORT_VR30_DESCLINEARSCAI_NT	Neg	GH	596	5	0.8	PEAK_TEMP
PBEH2_BCBC64_PLASMIDPFC53_T3TERMSHORT_VR31_DESCLINEARSCAI_NT	Neg	GH	385	0	0	PEAK_TEMP
PBEH2_BCBC65_PLASMIDPFC53_T3TERMSHORT_VR01_DESCLINEARSCAI_TX	Neg	GH	1272	7	0.6	PEAK_TEMP
PBEH2_BCBC65_PLASMIDPFC53_T3TERMSHORT_VR02_DESCLINEARSCAI_TX	Neg	GH	816	1	0.1	PEAK_TEMP
PBEH2_BCBC65_PLASMIDPFC53_T3TERMSHORT_VR03_DESCLINEARSCAI_TX	Neg	GH	1660	4	0.2	PEAK_TEMP
PBEH2_BCBC65_PLASMIDPFC53_T3TERMSHORT_VR04_DESCLINEARSCAI_TX	Neg	GH	649	2	0.3	PEAK_TEMP
PBEH2_BCBC65_PLASMIDPFC53_T3TERMSHORT_VR05_DESCLINEARSCAI_TX	Neg	GH	713	2	0.3	PEAK_TEMP
PBEH2_BCBC65_PLASMIDPFC53_T3TERMSHORT_VR06_DESCLINEARSCAI_TX	Neg	GH	1304	3	0.2	PEAK_TEMP
PBEH2_BCBC65_PLASMIDPFC53_T3TERMSHORT_VR07_DESCLINEARSCAI_TX	Neg	GH	1031	2	0.2	PEAK_TEMP
PBEH2_BCBC65_PLASMIDPFC53_T3TERMSHORT_VR08_DESCLINEARSCAI_TX	Neg	GH	770	4	0.5	PEAK_TEMP
PBEH2_BCBC65_PLASMIDPFC53_T3TERMSHORT_VR09_DESCLINEARSCAI_TX	Neg	GH	1430	3	0.2	PEAK_TEMP
PBEH2_BCBC65_PLASMIDPFC53_T3TERMSHORT_VR10_DESCLINEARSCAI_TX	Neg	GH	778	1	0.1	PEAK_TEMP
PBEH2_BCBC65_PLASMIDPFC53_T3TERMSHORT_VR11_DESCLINEARSCAI_TX	Neg	GH	718	2	0.3	PEAK_TEMP
PBEH2_BCBC65_PLASMIDPFC53_T3TERMSHORT_VR12_DESCLINEARSCAI_TX	Neg	GH	685	4	0.6	PEAK_TEMP
PBEH2_BCBC65_PLASMIDPFC53_T3TERMSHORT_VR13_DESCLINEARSCAI_TX	Neg	GH	975	2	0.2	PEAK_TEMP
PBEH2_BCBC65_PLASMIDPFC53_T3TERMSHORT_VR14_DESCLINEARSCAI_TX	Neg	GH	811	3	0.4	PEAK_TEMP
PBEH2_BCBC65_PLASMIDPFC53_T3TERMSHORT_VR15_DESCLINEARSCAI_TX	Neg	GH	475	0	0	PEAK_TEMP
PBEH2_BCBC65_PLASMIDPFC53_T3TERMSHORT_VR16_DESCLINEARSCAI_TX	Neg	GH	878	1	0.1	PEAK_TEMP
PBEH2_BCBC65_PLASMIDPFC53_T3TERMSHORT_VR17_DESCLINEARSCAI_TX	Neg	GH	450	1	0.2	PEAK_TEMP
PBEH2_BCBC65_PLASMIDPFC53_T3TERMSHORT_VR18_DESCLINEARSCAI_TX	Neg	GH	1042	2	0.2	PEAK_TEMP
PBEH2_BCBC65_PLASMIDPFC53_T3TERMSHORT_VR19_DESCLINEARSCAI_TX	Neg	GH	860	1	0.1	PEAK_TEMP
PBEH2_BCBC65_PLASMIDPFC53_T3TERMSHORT_VR20_DESCLINEARSCAI_TX	Neg	GH	1084	4	0.4	PEAK_TEMP
PBEH2_BCBC65_PLASMIDPFC53_T3TERMSHORT_VR21_DESCLINEARSCAI_TX	Neg	GH	57	0	0	PEAK_TEMP
PBEH2_BCBC65_PLASMIDPFC53_T3TERMSHORT_VR22_DESCLINEARSCAI_TX	Neg	GH	1090	4	0.4	PEAK_TEMP
PBEH2_BCBC65_PLASMIDPFC53_T3TERMSHORT_VR23_DESCLINEARSCAI_TX	Neg	GH	1227	3	0.2	PEAK_TEMP
PBEH2_BCBC65_PLASMIDPFC53_T3TERMSHORT_VR24_DESCLINEARSCAI_TX	Neg	GH	1162	1	0.1	PEAK_TEMP
PBEH2_BCBC65_PLASMIDPFC53_T3TERMSHORT_VR25_DESCLINEARSCAI_TX	Neg	GH	718	1	0.1	PEAK_TEMP
PBEH2_BCBC65_PLASMIDPFC53_T3TERMSHORT_VR26_DESCLINEARSCAI_TX	Neg	GH	1076	2	0.2	PEAK_TEMP
PBEH2_BCBC65_PLASMIDPFC53_T3TERMSHORT_VR27_DESCLINEARSCAI_TX	Neg	GH	783	3	0.4	PEAK_TEMP
PBEH2_BCBC65_PLASMIDPFC53_T3TERMSHORT_VR28_DESCLINEARSCAI_TX	Neg	GH	536	2	0.4	PEAK_TEMP
PBEH2_BCBC65_PLASMIDPFC53_T3TERMSHORT_VR29_DESCLINEARSCAI_TX	Neg	GH	1173	0	0	PEAK_TEMP
PBEH2_BCBC65_PLASMIDPFC53_T3TERMSHORT_VR30_DESCLINEARSCAI_TX	Neg	GH	715	0	0	PEAK_TEMP
PBEH2_BCBC65_PLASMIDPFC53_T3TERMSHORT_VR31_DESCLINEARSCAI_TX	Neg	GH	383	1	0.3	PEAK_TEMP
PBEH2_BCBC66_PLASMIDPFC53_T3TERMSHORT_VR01_DESCLINEARSCAI_TX_RH1	Neg	GH	1773	5	0.3	PEAK_TEMP
PBEH2_BCBC66_PLASMIDPFC53_T3TERMSHORT_VR02_DESCLINEARSCAI_TX_RH1	Neg	GH	1184	2	0.2	PEAK_TEMP
PBEH2_BCBC66_PLASMIDPFC53_T3TERMSHORT_VR03_DESCLINEARSCAI_TX_RH1	Neg	GH	2408	6	0.2	PEAK_TEMP
PBEH2_BCBC66_PLASMIDPFC53_T3TERMSHORT_VR04_DESCLINEARSCAI_TX_RH1	Neg	GH	1177	1	0.1	PEAK_TEMP
PBEH2_BCBC66_PLASMIDPFC53_T3TERMSHORT_VR05_DESCLINEARSCAI_TX_RH1	Neg	GH	1114	4	0.4	PEAK_TEMP
PBEH2_BCBC66_PLASMIDPFC53_T3TERMSHORT_VR06_DESCLINEARSCAI_TX_RH1	Neg	GH	1755	0	0	PEAK_TEMP
PBEH2_BCBC66_PLASMIDPFC53_T3TERMSHORT_VR07_DESCLINEARSCAI_TX_RH1	Neg	GH	1450	5	0.3	PEAK_TEMP
PBEH2_BCBC66_PLASMIDPFC53_T3TERMSHORT_VR08_DESCLINEARSCAI_TX_RH1	Neg	GH	1330	2	0.2	PEAK_TEMP
PBEH2_BCBC66_PLASMIDPFC53_T3TERMSHORT_VR09_DESCLINEARSCAI_TX_RH1	Neg	GH	2070	10	0.5	PEAK_TEMP
PBEH2_BCBC66_PLASMIDPFC53_T3TERMSHORT_VR10_DESCLINEARSCAI_TX_RH1	Neg	GH	1026	2	0.2	PEAK_TEMP
PBEH2_BCBC66_PLASMIDPFC53_T3TERMSHORT_VR11_DESCLINEARSCAI_TX_RH1	Neg	GH	966	4	0.4	PEAK_TEMP
PBEH2_BCBC66_PLASMIDPFC53_T3TERMSHORT_VR12_DESCLINEARSCAI_TX_RH1	Neg	GH	1099	4	0.4	PEAK_TEMP
PBEH2_BCBC66_PLASMIDPFC53_T3TERMSHORT_VR13_DESCLINEARSCAI_TX_RH1	Neg	GH	1410	3	0.2	PEAK_TEMP
PBEH2_BCBC66_PLASMIDPFC53_T3TERMSHORT_VR14_DESCLINEARSCAI_TX_RH1	Neg	GH	1231	1	0.1	PEAK_TEMP
PBEH2_BCBC66_PLASMIDPFC53_T3TERMSHORT_VR15_DESCLINEARSCAI_TX_RH1	Neg	GH	785	2	0.3	PEAK_TEMP
PBEH2_BCBC66_PLASMIDPFC53_T3TERMSHORT_VR16_DESCLINEARSCAI_TX_RH1	Neg	GH	1212	0	0	PEAK_TEMP
PBEH2_BCBC66_PLASMIDPFC53_T3TERMSHORT_VR17_DESCLINEARSCAI_TX_RH1	Neg	GH	672	0	0	PEAK_TEMP
PBEH2_BCBC66_PLASMIDPFC53_T3TERMSHORT_VR18_DESCLINEARSCAI_TX_RH1	Neg	GH	1362	1	0.1	PEAK_TEMP
PBEH2_BCBC66_PLASMIDPFC53_T3TERMSHORT_VR19_DESCLINEARSCAI_TX_RH1	Neg	GH	1268	3	0.2	PEAK_TEMP
PBEH2_BCBC66_PLASMIDPFC53_T3TERMSHORT_VR20_DESCLINEARSCAI_TX_RH1	Neg	GH	1433	2	0.1	PEAK_TEMP
PBEH2_BCBC66_PLASMIDPFC53_T3TERMSHORT_VR21_DESCLINEARSCAI_TX_RH1	Neg	GH	83	0	0	PEAK_TEMP
PBEH2_BCBC66_PLASMIDPFC53_T3TERMSHORT_VR22_DESCLINEARSCAI_TX_RH1	Neg	GH	1492	1	0.1	PEAK_TEMP
PBEH2_BCBC66_PLASMIDPFC53_T3TERMSHORT_VR23_DESCLINEARSCAI_TX_RH1	Neg	GH	1719	2	0.1	PEAK_TEMP
PBEH2_BCBC66_PLASMIDPFC53_T3TERMSHORT_VR24_DESCLINEARSCAI_TX_RH1	Neg	GH	1689	4	0.2	PEAK_TEMP
PBEH2_BCBC66_PLASMIDPFC53_T3TERMSHORT_VR25_DESCLINEARSCAI_TX_RH1	Neg	GH	1063	2	0.2	PEAK_TEMP
PBEH2_BCBC66_PLASMIDPFC53_T3TERMSHORT_VR26_DESCLINEARSCAI_TX_RH1	Neg	GH	1583	6	0.4	PEAK_TEMP
PBEH2_BCBC66_PLASMIDPFC53_T3TERMSHORT_VR27_DESCLINEARSCAI_TX_RH1	Neg	GH	1089	4	0.4	PEAK_TEMP
PBEH2_BCBC66_PLASMIDPFC53_T3TERMSHORT_VR28_DESCLINEARSCAI_TX_RH1	Neg	GH	805	2	0.2	PEAK_TEMP
PBEH2_BCBC66_PLASMIDPFC53_T3TERMSHORT_VR29_DESCLINEARSCAI_TX_RH1	Neg	GH	1725	3	0.2	PEAK_TEMP
PBEH2_BCBC66_PLASMIDPFC53_T3TERMSHORT_VR30_DESCLINEARSCAI_TX_RH1	Neg	GH	1071	0	0	PEAK_TEMP
PBEH2_BCBC66_PLASMIDPFC53_T3TERMSHORT_VR31_DESCLINEARSCAI_TX_RH1	Neg	GH	670	2	0.3	PEAK_TEMP
PBEH2_BCBC67_PLASMIDPFC8_TACINIT_VR01_DESCSUPERCOIL_NT_FIXED	Neg	GH	34	0	0	PEAK_TEMP
PBEH2_BCBC67_PLASMIDPFC8_TACINIT_VR01_DESCSUPERCOIL_NT	Neg	GH	386	2	0.5	PEAK_TEMP
PBEH2_BCBC67_PLASMIDPFC8_TACINIT_VR02_DESCSUPERCOIL_NT_FIXED	Neg	GH	31	0	0	PEAK_TEMP
PBEH2_BCBC67_PLASMIDPFC8_TACINIT_VR02_DESCSUPERCOIL_NT	Neg	GH	453	0	0	PEAK_TEMP
PBEH2_BCBC67_PLASMIDPFC8_TACINIT_VR03_DESCSUPERCOIL_NT_FIXED	Neg	GH	35	0	0	PEAK_TEMP
PBEH2_BCBC67_PLASMIDPFC8_TACINIT_VR03_DESCSUPERCOIL_NT	Neg	GH	271	0	0	PEAK_TEMP
PBEH2_BCBC67_PLASMIDPFC8_TACINIT_VR04_DESCSUPERCOIL_NT_FIXED	Neg	GH	65	0	0	PEAK_TEMP
PBEH2_BCBC67_PLASMIDPFC8_TACINIT_VR04_DESCSUPERCOIL_NT	Neg	GH	351	1	0.3	PEAK_TEMP
PBEH2_BCBC67_PLASMIDPFC8_TACINIT_VR05_DESCSUPERCOIL_NT_FIXED	Neg	GH	1697	0	0	PEAK_TEMP
PBEH2_BCBC67_PLASMIDPFC8_TACINIT_VR05_DESCSUPERCOIL_NT	Neg	GH	105	0	0	PEAK_TEMP
PBEH2_BCBC67_PLASMIDPFC8_TACINIT_VR06_DESCSUPERCOIL_NT_FIXED	Neg	GH	3	0	0	PEAK_TEMP
PBEH2_BCBC67_PLASMIDPFC8_TACINIT_VR06_DESCSUPERCOIL_NT	Neg	GH	28	0	0	PEAK_TEMP
PBEH2_BCBC67_PLASMIDPFC8_TACINIT_VR07_DESCSUPERCOIL_NT_FIXED	Neg	GH	48	0	0	PEAK_TEMP
PBEH2_BCBC67_PLASMIDPFC8_TACINIT_VR07_DESCSUPERCOIL_NT	Neg	GH	433	0	0	PEAK_TEMP
PBEH2_BCBC67_PLASMIDPFC8_TACINIT_VR08_DESCSUPERCOIL_NT_FIXED	Neg	GH	45	0	0	PEAK_TEMP
PBEH2_BCBC67_PLASMIDPFC8_TACINIT_VR08_DESCSUPERCOIL_NT	Neg	GH	263	1	0.4	PEAK_TEMP
PBEH2_BCBC67_PLASMIDPFC8_TACINIT_VR09_DESCSUPERCOIL_NT_FIXED	Neg	GH	35	0	0	PEAK_TEMP
PBEH2_BCBC67_PLASMIDPFC8_TACINIT_VR09_DESCSUPERCOIL_NT	Neg	GH	411	0	0	PEAK_TEMP
PBEH2_BCBC67_PLASMIDPFC8_TACINIT_VR10_DESCSUPERCOIL_NT_FIXED	Neg	GH	46	0	0	PEAK_TEMP
PBEH2_BCBC67_PLASMIDPFC8_TACINIT_VR10_DESCSUPERCOIL_NT	Neg	GH	445	0	0	PEAK_TEMP
PBEH2_BCBC67_PLASMIDPFC8_TACINIT_VR11_DESCSUPERCOIL_NT_FIXED	Neg	GH	32	0	0	PEAK_TEMP
PBEH2_BCBC67_PLASMIDPFC8_TACINIT_VR11_DESCSUPERCOIL_NT	Neg	GH	362	1	0.3	PEAK_TEMP
PBEH2_BCBC67_PLASMIDPFC8_TACINIT_VR12_DESCSUPERCOIL_NT_FIXED	Neg	GH	29	0	0	PEAK_TEMP
PBEH2_BCBC67_PLASMIDPFC8_TACINIT_VR12_DESCSUPERCOIL_NT	Neg	GH	213	0	0	PEAK_TEMP
PBEH2_BCBC67_PLASMIDPFC8_TACINIT_VR13_DESCSUPERCOIL_NT_FIXED	Neg	GH	28	0	0	PEAK_TEMP
PBEH2_BCBC67_PLASMIDPFC8_TACINIT_VR13_DESCSUPERCOIL_NT	Neg	GH	318	0	0	PEAK_TEMP
PBEH2_BCBC67_PLASMIDPFC8_TACINIT_VR14_DESCSUPERCOIL_NT_FIXED	Neg	GH	31	0	0	PEAK_TEMP
PBEH2_BCBC67_PLASMIDPFC8_TACINIT_VR14_DESCSUPERCOIL_NT	Neg	GH	325	0	0	PEAK_TEMP
PBEH2_BCBC67_PLASMIDPFC8_TACINIT_VR15_DESCSUPERCOIL_NT_FIXED	Neg	GH	57	0	0	PEAK_TEMP
PBEH2_BCBC67_PLASMIDPFC8_TACINIT_VR15_DESCSUPERCOIL_NT	Neg	GH	530	0	0	PEAK_TEMP
PBEH2_BCBC67_PLASMIDPFC8_TACINIT_VR16_DESCSUPERCOIL_NT_FIXED	Neg	GH	20	0	0	PEAK_TEMP
PBEH2_BCBC67_PLASMIDPFC8_TACINIT_VR16_DESCSUPERCOIL_NT	Neg	GH	285	0	0	PEAK_TEMP
PBEH2_BCBC67_PLASMIDPFC8_TACINIT_VR17_DESCSUPERCOIL_NT_FIXED	Neg	GH	153	0	0	PEAK_TEMP
PBEH2_BCBC67_PLASMIDPFC8_TACINIT_VR17_DESCSUPERCOIL_NT	Neg	GH	11	0	0	PEAK_TEMP
PBEH2_BCBC67_PLASMIDPFC8_TACINIT_VR18_DESCSUPERCOIL_NT_FIXED	Neg	GH	47	0	0	PEAK_TEMP
PBEH2_BCBC67_PLASMIDPFC8_TACINIT_VR18_DESCSUPERCOIL_NT	Neg	GH	387	0	0	PEAK_TEMP
PBEH2_BCBC67_PLASMIDPFC8_TACINIT_VR19_DESCSUPERCOIL_NT_FIXED	Neg	GH	3599	25	0.7	PEAK_TEMP
PBEH2_BCBC67_PLASMIDPFC8_TACINIT_VR19_DESCSUPERCOIL_NT	Neg	GH	70	1	1.4	PEAK_TEMP
PBEH2_BCBC67_PLASMIDPFC8_TACINIT_VR20_DESCSUPERCOIL_NT_FIXED	Neg	GH	45	0	0	PEAK_TEMP
PBEH2_BCBC67_PLASMIDPFC8_TACINIT_VR20_DESCSUPERCOIL_NT	Neg	GH	389	1	0.3	PEAK_TEMP
PBEH2_BCBC67_PLASMIDPFC8_TACINIT_VR21_DESCSUPERCOIL_NT_FIXED	Neg	GH	0	0	0	PEAK_TEMP
PBEH2_BCBC67_PLASMIDPFC8_TACINIT_VR21_DESCSUPERCOIL_NT	Neg	GH	10	0	0	PEAK_TEMP
PBEH2_BCBC67_PLASMIDPFC8_TACINIT_VR22_DESCSUPERCOIL_NT_FIXED	Neg	GH	58	0	0	PEAK_TEMP
PBEH2_BCBC67_PLASMIDPFC8_TACINIT_VR22_DESCSUPERCOIL_NT	Neg	GH	641	1	0.2	PEAK_TEMP
PBEH2_BCBC67_PLASMIDPFC8_TACINIT_VR23_DESCSUPERCOIL_NT_FIXED	Neg	GH	305	2	0.7	PEAK_TEMP
PBEH2_BCBC67_PLASMIDPFC8_TACINIT_VR23_DESCSUPERCOIL_NT	Neg	GH	14	0	0	PEAK_TEMP
PBEH2_BCBC67_PLASMIDPFC8_TACINIT_VR24_DESCSUPERCOIL_NT_FIXED	Neg	GH	30	0	0	PEAK_TEMP
PBEH2_BCBC67_PLASMIDPFC8_TACINIT_VR24_DESCSUPERCOIL_NT	Neg	GH	320	0	0	PEAK_TEMP
PBEH2_BCBC67_PLASMIDPFC8_TACINIT_VR25_DESCSUPERCOIL_NT_FIXED	Neg	GH	6	0	0	PEAK_TEMP
PBEH2_BCBC67_PLASMIDPFC8_TACINIT_VR25_DESCSUPERCOIL_NT	Neg	GH	63	0	0	PEAK_TEMP
PBEH2_BCBC67_PLASMIDPFC8_TACINIT_VR26_DESCSUPERCOIL_NT_FIXED	Neg	GH	27	0	0	PEAK_TEMP
PBEH2_BCBC67_PLASMIDPFC8_TACINIT_VR26_DESCSUPERCOIL_NT	Neg	GH	304	1	0.3	PEAK_TEMP
PBEH2_BCBC67_PLASMIDPFC8_TACINIT_VR27_DESCSUPERCOIL_NT_FIXED	Neg	GH	39	0	0	PEAK_TEMP
PBEH2_BCBC67_PLASMIDPFC8_TACINIT_VR27_DESCSUPERCOIL_NT	Neg	GH	322	0	0	PEAK_TEMP
PBEH2_BCBC67_PLASMIDPFC8_TACINIT_VR28_DESCSUPERCOIL_NT_FIXED	Neg	GH	35	0	0	PEAK_TEMP
PBEH2_BCBC67_PLASMIDPFC8_TACINIT_VR28_DESCSUPERCOIL_NT	Neg	GH	357	0	0	PEAK_TEMP
PBEH2_BCBC67_PLASMIDPFC8_TACINIT_VR29_DESCSUPERCOIL_NT_FIXED	Neg	GH	567	0	0	PEAK_TEMP
PBEH2_BCBC67_PLASMIDPFC8_TACINIT_VR29_DESCSUPERCOIL_NT	Neg	GH	11093	12	0.1	PEAK_TEMP
PBEH2_BCBC67_PLASMIDPFC8_TACINIT_VR30_DESCSUPERCOIL_NT_FIXED	Neg	GH	25	0	0	PEAK_TEMP
PBEH2_BCBC67_PLASMIDPFC8_TACINIT_VR30_DESCSUPERCOIL_NT	Neg	GH	198	0	0	PEAK_TEMP
PBEH2_BCBC67_PLASMIDPFC8_TACINIT_VR31_DESCSUPERCOIL_NT_FIXED	Neg	GH	1	0	0	PEAK_TEMP
PBEH2_BCBC67_PLASMIDPFC8_TACINIT_VR31_DESCSUPERCOIL_NT	Neg	GH	17	0	0	PEAK_TEMP
PBEH2_BCBC68_PLASMIDPFC8_TACINIT_VR01_DESCSUPERCOIL_TX_FIXED	Neg	GH	13	0	0	PEAK_TEMP
PBEH2_BCBC68_PLASMIDPFC8_TACINIT_VR01_DESCSUPERCOIL_TX	Neg	GH	259	0	0	PEAK_TEMP
PBEH2_BCBC68_PLASMIDPFC8_TACINIT_VR02_DESCSUPERCOIL_TX_FIXED	Neg	GH	26	0	0	PEAK_TEMP
PBEH2_BCBC68_PLASMIDPFC8_TACINIT_VR02_DESCSUPERCOIL_TX	Neg	GH	336	1	0.3	PEAK_TEMP
PBEH2_BCBC68_PLASMIDPFC8_TACINIT_VR03_DESCSUPERCOIL_TX_FIXED	Neg	GH	19	0	0	PEAK_TEMP
PBEH2_BCBC68_PLASMIDPFC8_TACINIT_VR03_DESCSUPERCOIL_TX	Neg	GH	218	0	0	PEAK_TEMP
PBEH2_BCBC68_PLASMIDPFC8_TACINIT_VR04_DESCSUPERCOIL_TX_FIXED	Neg	GH	32	0	0	PEAK_TEMP
PBEH2_BCBC68_PLASMIDPFC8_TACINIT_VR04_DESCSUPERCOIL_TX	Neg	GH	291	1	0.3	PEAK_TEMP
PBEH2_BCBC68_PLASMIDPFC8_TACINIT_VR05_DESCSUPERCOIL_TX_FIXED	Neg	GH	1397	0	0	PEAK_TEMP
PBEH2_BCBC68_PLASMIDPFC8_TACINIT_VR05_DESCSUPERCOIL_TX	Neg	GH	69	0	0	PEAK_TEMP
PBEH2_BCBC68_PLASMIDPFC8_TACINIT_VR06_DESCSUPERCOIL_TX_FIXED	Neg	GH	1	0	0	PEAK_TEMP
PBEH2_BCBC68_PLASMIDPFC8_TACINIT_VR06_DESCSUPERCOIL_TX	Neg	GH	21	0	0	PEAK_TEMP
PBEH2_BCBC68_PLASMIDPFC8_TACINIT_VR07_DESCSUPERCOIL_TX_FIXED	Neg	GH	31	0	0	PEAK_TEMP
PBEH2_BCBC68_PLASMIDPFC8_TACINIT_VR07_DESCSUPERCOIL_TX	Neg	GH	333	1	0.3	PEAK_TEMP
PBEH2_BCBC68_PLASMIDPFC8_TACINIT_VR08_DESCSUPERCOIL_TX_FIXED	Neg	GH	23	0	0	PEAK_TEMP
PBEH2_BCBC68_PLASMIDPFC8_TACINIT_VR08_DESCSUPERCOIL_TX	Neg	GH	217	0	0	PEAK_TEMP
PBEH2_BCBC68_PLASMIDPFC8_TACINIT_VR09_DESCSUPERCOIL_TX_FIXED	Neg	GH	18	0	0	PEAK_TEMP
PBEH2_BCBC68_PLASMIDPFC8_TACINIT_VR09_DESCSUPERCOIL_TX	Neg	GH	228	0	0	PEAK_TEMP
PBEH2_BCBC68_PLASMIDPFC8_TACINIT_VR10_DESCSUPERCOIL_TX_FIXED	Neg	GH	26	0	0	PEAK_TEMP
PBEH2_BCBC68_PLASMIDPFC8_TACINIT_VR10_DESCSUPERCOIL_TX	Neg	GH	362	0	0	PEAK_TEMP
PBEH2_BCBC68_PLASMIDPFC8_TACINIT_VR11_DESCSUPERCOIL_TX_FIXED	Neg	GH	27	0	0	PEAK_TEMP
PBEH2_BCBC68_PLASMIDPFC8_TACINIT_VR11_DESCSUPERCOIL_TX	Neg	GH	249	1	0.4	PEAK_TEMP
PBEH2_BCBC68_PLASMIDPFC8_TACINIT_VR12_DESCSUPERCOIL_TX_FIXED	Neg	GH	26	0	0	PEAK_TEMP
PBEH2_BCBC68_PLASMIDPFC8_TACINIT_VR12_DESCSUPERCOIL_TX	Neg	GH	187	0	0	PEAK_TEMP
PBEH2_BCBC68_PLASMIDPFC8_TACINIT_VR13_DESCSUPERCOIL_TX_FIXED	Neg	GH	15	0	0	PEAK_TEMP
PBEH2_BCBC68_PLASMIDPFC8_TACINIT_VR13_DESCSUPERCOIL_TX	Neg	GH	264	0	0	PEAK_TEMP
PBEH2_BCBC68_PLASMIDPFC8_TACINIT_VR14_DESCSUPERCOIL_TX_FIXED	Neg	GH	20	0	0	PEAK_TEMP
PBEH2_BCBC68_PLASMIDPFC8_TACINIT_VR14_DESCSUPERCOIL_TX	Neg	GH	276	1	0.4	PEAK_TEMP
PBEH2_BCBC68_PLASMIDPFC8_TACINIT_VR15_DESCSUPERCOIL_TX_FIXED	Neg	GH	55	0	0	PEAK_TEMP
PBEH2_BCBC68_PLASMIDPFC8_TACINIT_VR15_DESCSUPERCOIL_TX	Neg	GH	450	0	0	PEAK_TEMP
PBEH2_BCBC68_PLASMIDPFC8_TACINIT_VR16_DESCSUPERCOIL_TX_FIXED	Neg	GH	26	0	0	PEAK_TEMP
PBEH2_BCBC68_PLASMIDPFC8_TACINIT_VR16_DESCSUPERCOIL_TX	Neg	GH	216	0	0	PEAK_TEMP
PBEH2_BCBC68_PLASMIDPFC8_TACINIT_VR17_DESCSUPERCOIL_TX_FIXED	Neg	GH	65	0	0	PEAK_TEMP
PBEH2_BCBC68_PLASMIDPFC8_TACINIT_VR17_DESCSUPERCOIL_TX	Neg	GH	13	0	0	PEAK_TEMP
PBEH2_BCBC68_PLASMIDPFC8_TACINIT_VR18_DESCSUPERCOIL_TX_FIXED	Neg	GH	24	0	0	PEAK_TEMP
PBEH2_BCBC68_PLASMIDPFC8_TACINIT_VR18_DESCSUPERCOIL_TX	Neg	GH	278	0	0	PEAK_TEMP
PBEH2_BCBC68_PLASMIDPFC8_TACINIT_VR19_DESCSUPERCOIL_TX_FIXED	Neg	GH	3382	14	0.4	PEAK_TEMP
PBEH2_BCBC68_PLASMIDPFC8_TACINIT_VR19_DESCSUPERCOIL_TX	Neg	GH	60	0	0	PEAK_TEMP
PBEH2_BCBC68_PLASMIDPFC8_TACINIT_VR20_DESCSUPERCOIL_TX_FIXED	Neg	GH	29	0	0	PEAK_TEMP
PBEH2_BCBC68_PLASMIDPFC8_TACINIT_VR20_DESCSUPERCOIL_TX	Neg	GH	326	1	0.3	PEAK_TEMP
PBEH2_BCBC68_PLASMIDPFC8_TACINIT_VR21_DESCSUPERCOIL_TX_FIXED	Neg	GH	3	0	0	PEAK_TEMP
PBEH2_BCBC68_PLASMIDPFC8_TACINIT_VR21_DESCSUPERCOIL_TX	Neg	GH	6	0	0	PEAK_TEMP
PBEH2_BCBC68_PLASMIDPFC8_TACINIT_VR22_DESCSUPERCOIL_TX_FIXED	Neg	GH	35	0	0	PEAK_TEMP
PBEH2_BCBC68_PLASMIDPFC8_TACINIT_VR22_DESCSUPERCOIL_TX	Neg	GH	463	0	0	PEAK_TEMP
PBEH2_BCBC68_PLASMIDPFC8_TACINIT_VR23_DESCSUPERCOIL_TX_FIXED	Neg	GH	256	3	1.2	PEAK_TEMP
PBEH2_BCBC68_PLASMIDPFC8_TACINIT_VR23_DESCSUPERCOIL_TX	Neg	GH	4	0	0	PEAK_TEMP
PBEH2_BCBC68_PLASMIDPFC8_TACINIT_VR24_DESCSUPERCOIL_TX_FIXED	Neg	GH	32	0	0	PEAK_TEMP
PBEH2_BCBC68_PLASMIDPFC8_TACINIT_VR24_DESCSUPERCOIL_TX	Neg	GH	274	0	0	PEAK_TEMP
PBEH2_BCBC68_PLASMIDPFC8_TACINIT_VR25_DESCSUPERCOIL_TX_FIXED	Neg	GH	2	0	0	PEAK_TEMP
PBEH2_BCBC68_PLASMIDPFC8_TACINIT_VR25_DESCSUPERCOIL_TX	Neg	GH	41	0	0	PEAK_TEMP
PBEH2_BCBC68_PLASMIDPFC8_TACINIT_VR26_DESCSUPERCOIL_TX_FIXED	Neg	GH	26	0	0	PEAK_TEMP
PBEH2_BCBC68_PLASMIDPFC8_TACINIT_VR26_DESCSUPERCOIL_TX	Neg	GH	212	0	0	PEAK_TEMP
PBEH2_BCBC68_PLASMIDPFC8_TACINIT_VR27_DESCSUPERCOIL_TX_FIXED	Neg	GH	19	0	0	PEAK_TEMP
PBEH2_BCBC68_PLASMIDPFC8_TACINIT_VR27_DESCSUPERCOIL_TX	Neg	GH	211	0	0	PEAK_TEMP
PBEH2_BCBC68_PLASMIDPFC8_TACINIT_VR28_DESCSUPERCOIL_TX_FIXED	Neg	GH	21	0	0	PEAK_TEMP
PBEH2_BCBC68_PLASMIDPFC8_TACINIT_VR28_DESCSUPERCOIL_TX	Neg	GH	274	1	0.4	PEAK_TEMP
PBEH2_BCBC68_PLASMIDPFC8_TACINIT_VR29_DESCSUPERCOIL_TX_FIXED	Neg	GH	341	0	0	PEAK_TEMP
PBEH2_BCBC68_PLASMIDPFC8_TACINIT_VR29_DESCSUPERCOIL_TX	Neg	GH	7557	7	0.1	PEAK_TEMP
PBEH2_BCBC68_PLASMIDPFC8_TACINIT_VR30_DESCSUPERCOIL_TX_FIXED	Neg	GH	14	0	0	PEAK_TEMP
PBEH2_BCBC68_PLASMIDPFC8_TACINIT_VR30_DESCSUPERCOIL_TX	Neg	GH	135	0	0	PEAK_TEMP
PBEH2_BCBC68_PLASMIDPFC8_TACINIT_VR31_DESCSUPERCOIL_TX_FIXED	Neg	GH	2	0	0	PEAK_TEMP
PBEH2_BCBC68_PLASMIDPFC8_TACINIT_VR31_DESCSUPERCOIL_TX	Neg	GH	10	0	0	PEAK_TEMP
PBEH2_BCBC69_PLASMIDPFC8_TACINIT_VR01_DESCSUPERCOIL_TX_RH1_FIXED	Neg	GH	9	0	0	PEAK_TEMP
PBEH2_BCBC69_PLASMIDPFC8_TACINIT_VR01_DESCSUPERCOIL_TX_RH1	Neg	GH	321	1	0.3	PEAK_TEMP
PBEH2_BCBC69_PLASMIDPFC8_TACINIT_VR02_DESCSUPERCOIL_TX_RH1_FIXED	Neg	GH	20	0	0	PEAK_TEMP
PBEH2_BCBC69_PLASMIDPFC8_TACINIT_VR02_DESCSUPERCOIL_TX_RH1	Neg	GH	402	1	0.2	PEAK_TEMP
PBEH2_BCBC69_PLASMIDPFC8_TACINIT_VR03_DESCSUPERCOIL_TX_RH1_FIXED	Neg	GH	11	0	0	PEAK_TEMP
PBEH2_BCBC69_PLASMIDPFC8_TACINIT_VR03_DESCSUPERCOIL_TX_RH1	Neg	GH	285	0	0	PEAK_TEMP
PBEH2_BCBC69_PLASMIDPFC8_TACINIT_VR04_DESCSUPERCOIL_TX_RH1_FIXED	Neg	GH	26	0	0	PEAK_TEMP
PBEH2_BCBC69_PLASMIDPFC8_TACINIT_VR04_DESCSUPERCOIL_TX_RH1	Neg	GH	308	0	0	PEAK_TEMP
PBEH2_BCBC69_PLASMIDPFC8_TACINIT_VR05_DESCSUPERCOIL_TX_RH1_FIXED	Neg	GH	1467	0	0	PEAK_TEMP
PBEH2_BCBC69_PLASMIDPFC8_TACINIT_VR05_DESCSUPERCOIL_TX_RH1	Neg	GH	58	0	0	PEAK_TEMP
PBEH2_BCBC69_PLASMIDPFC8_TACINIT_VR06_DESCSUPERCOIL_TX_RH1_FIXED	Neg	GH	2	0	0	PEAK_TEMP
PBEH2_BCBC69_PLASMIDPFC8_TACINIT_VR06_DESCSUPERCOIL_TX_RH1	Neg	GH	40	0	0	PEAK_TEMP
PBEH2_BCBC69_PLASMIDPFC8_TACINIT_VR07_DESCSUPERCOIL_TX_RH1_FIXED	Neg	GH	17	0	0	PEAK_TEMP
PBEH2_BCBC69_PLASMIDPFC8_TACINIT_VR07_DESCSUPERCOIL_TX_RH1	Neg	GH	391	0	0	PEAK_TEMP
PBEH2_BCBC69_PLASMIDPFC8_TACINIT_VR08_DESCSUPERCOIL_TX_RH1_FIXED	Neg	GH	22	0	0	PEAK_TEMP
PBEH2_BCBC69_PLASMIDPFC8_TACINIT_VR08_DESCSUPERCOIL_TX_RH1	Neg	GH	236	0	0	PEAK_TEMP
PBEH2_BCBC69_PLASMIDPFC8_TACINIT_VR09_DESCSUPERCOIL_TX_RH1_FIXED	Neg	GH	25	0	0	PEAK_TEMP
PBEH2_BCBC69_PLASMIDPFC8_TACINIT_VR09_DESCSUPERCOIL_TX_RH1	Neg	GH	278	0	0	PEAK_TEMP
PBEH2_BCBC69_PLASMIDPFC8_TACINIT_VR10_DESCSUPERCOIL_TX_RH1_FIXED	Neg	GH	32	0	0	PEAK_TEMP
PBEH2_BCBC69_PLASMIDPFC8_TACINIT_VR10_DESCSUPERCOIL_TX_RH1	Neg	GH	478	0	0	PEAK_TEMP
PBEH2_BCBC69_PLASMIDPFC8_TACINIT_VR11_DESCSUPERCOIL_TX_RH1_FIXED	Neg	GH	24	0	0	PEAK_TEMP
PBEH2_BCBC69_PLASMIDPFC8_TACINIT_VR11_DESCSUPERCOIL_TX_RH1	Neg	GH	362	0	0	PEAK_TEMP
PBEH2_BCBC69_PLASMIDPFC8_TACINIT_VR12_DESCSUPERCOIL_TX_RH1_FIXED	Neg	GH	13	0	0	PEAK_TEMP
PBEH2_BCBC69_PLASMIDPFC8_TACINIT_VR12_DESCSUPERCOIL_TX_RH1	Neg	GH	178	0	0	PEAK_TEMP
PBEH2_BCBC69_PLASMIDPFC8_TACINIT_VR13_DESCSUPERCOIL_TX_RH1_FIXED	Neg	GH	10	0	0	PEAK_TEMP
PBEH2_BCBC69_PLASMIDPFC8_TACINIT_VR13_DESCSUPERCOIL_TX_RH1	Neg	GH	298	0	0	PEAK_TEMP
PBEH2_BCBC69_PLASMIDPFC8_TACINIT_VR14_DESCSUPERCOIL_TX_RH1_FIXED	Neg	GH	25	0	0	PEAK_TEMP
PBEH2_BCBC69_PLASMIDPFC8_TACINIT_VR14_DESCSUPERCOIL_TX_RH1	Neg	GH	353	1	0.3	PEAK_TEMP
PBEH2_BCBC69_PLASMIDPFC8_TACINIT_VR15_DESCSUPERCOIL_TX_RH1_FIXED	Neg	GH	42	1	2.4	PEAK_TEMP
PBEH2_BCBC69_PLASMIDPFC8_TACINIT_VR15_DESCSUPERCOIL_TX_RH1	Neg	GH	524	1	0.2	PEAK_TEMP
PBEH2_BCBC69_PLASMIDPFC8_TACINIT_VR16_DESCSUPERCOIL_TX_RH1_FIXED	Neg	GH	13	0	0	PEAK_TEMP
PBEH2_BCBC69_PLASMIDPFC8_TACINIT_VR16_DESCSUPERCOIL_TX_RH1	Neg	GH	302	1	0.3	PEAK_TEMP
PBEH2_BCBC69_PLASMIDPFC8_TACINIT_VR17_DESCSUPERCOIL_TX_RH1_FIXED	Neg	GH	96	0	0	PEAK_TEMP
PBEH2_BCBC69_PLASMIDPFC8_TACINIT_VR17_DESCSUPERCOIL_TX_RH1	Neg	GH	16	0	0	PEAK_TEMP
PBEH2_BCBC69_PLASMIDPFC8_TACINIT_VR18_DESCSUPERCOIL_TX_RH1_FIXED	Neg	GH	15	0	0	PEAK_TEMP
PBEH2_BCBC69_PLASMIDPFC8_TACINIT_VR18_DESCSUPERCOIL_TX_RH1	Neg	GH	390	0	0	PEAK_TEMP
PBEH2_BCBC69_PLASMIDPFC8_TACINIT_VR19_DESCSUPERCOIL_TX_RH1_FIXED	Neg	GH	3342	8	0.2	PEAK_TEMP
PBEH2_BCBC69_PLASMIDPFC8_TACINIT_VR19_DESCSUPERCOIL_TX_RH1	Neg	GH	51	0	0	PEAK_TEMP
PBEH2_BCBC69_PLASMIDPFC8_TACINIT_VR20_DESCSUPERCOIL_TX_RH1_FIXED	Neg	GH	33	0	0	PEAK_TEMP
PBEH2_BCBC69_PLASMIDPFC8_TACINIT_VR20_DESCSUPERCOIL_TX_RH1	Neg	GH	409	0	0	PEAK_TEMP
PBEH2_BCBC69_PLASMIDPFC8_TACINIT_VR21_DESCSUPERCOIL_TX_RH1_FIXED	Neg	GH	4	0	0	PEAK_TEMP
PBEH2_BCBC69_PLASMIDPFC8_TACINIT_VR21_DESCSUPERCOIL_TX_RH1	Neg	GH	8	0	0	PEAK_TEMP
PBEH2_BCBC69_PLASMIDPFC8_TACINIT_VR22_DESCSUPERCOIL_TX_RH1_FIXED	Neg	GH	36	0	0	PEAK_TEMP
PBEH2_BCBC69_PLASMIDPFC8_TACINIT_VR22_DESCSUPERCOIL_TX_RH1	Neg	GH	598	0	0	PEAK_TEMP
PBEH2_BCBC69_PLASMIDPFC8_TACINIT_VR23_DESCSUPERCOIL_TX_RH1_FIXED	Neg	GH	239	0	0	PEAK_TEMP
PBEH2_BCBC69_PLASMIDPFC8_TACINIT_VR23_DESCSUPERCOIL_TX_RH1	Neg	GH	9	0	0	PEAK_TEMP
PBEH2_BCBC69_PLASMIDPFC8_TACINIT_VR24_DESCSUPERCOIL_TX_RH1_FIXED	Neg	GH	23	0	0	PEAK_TEMP
PBEH2_BCBC69_PLASMIDPFC8_TACINIT_VR24_DESCSUPERCOIL_TX_RH1	Neg	GH	370	0	0	PEAK_TEMP
PBEH2_BCBC69_PLASMIDPFC8_TACINIT_VR25_DESCSUPERCOIL_TX_RH1_FIXED	Neg	GH	3	0	0	PEAK_TEMP
PBEH2_BCBC69_PLASMIDPFC8_TACINIT_VR25_DESCSUPERCOIL_TX_RH1	Neg	GH	45	0	0	PEAK_TEMP
PBEH2_BCBC69_PLASMIDPFC8_TACINIT_VR26_DESCSUPERCOIL_TX_RH1_FIXED	Neg	GH	10	0	0	PEAK_TEMP
PBEH2_BCBC69_PLASMIDPFC8_TACINIT_VR26_DESCSUPERCOIL_TX_RH1	Neg	GH	284	0	0	PEAK_TEMP
PBEH2_BCBC69_PLASMIDPFC8_TACINIT_VR27_DESCSUPERCOIL_TX_RH1_FIXED	Neg	GH	17	0	0	PEAK_TEMP
PBEH2_BCBC69_PLASMIDPFC8_TACINIT_VR27_DESCSUPERCOIL_TX_RH1	Neg	GH	254	0	0	PEAK_TEMP
PBEH2_BCBC69_PLASMIDPFC8_TACINIT_VR28_DESCSUPERCOIL_TX_RH1_FIXED	Neg	GH	13	0	0	PEAK_TEMP
PBEH2_BCBC69_PLASMIDPFC8_TACINIT_VR28_DESCSUPERCOIL_TX_RH1	Neg	GH	297	1	0.3	PEAK_TEMP
PBEH2_BCBC69_PLASMIDPFC8_TACINIT_VR29_DESCSUPERCOIL_TX_RH1_FIXED	Neg	GH	267	0	0	PEAK_TEMP
PBEH2_BCBC69_PLASMIDPFC8_TACINIT_VR29_DESCSUPERCOIL_TX_RH1	Neg	GH	10521	4	0	PEAK_TEMP
PBEH2_BCBC69_PLASMIDPFC8_TACINIT_VR30_DESCSUPERCOIL_TX_RH1_FIXED	Neg	GH	8	0	0	PEAK_TEMP
PBEH2_BCBC69_PLASMIDPFC8_TACINIT_VR30_DESCSUPERCOIL_TX_RH1	Neg	GH	149	0	0	PEAK_TEMP
PBEH2_BCBC69_PLASMIDPFC8_TACINIT_VR31_DESCSUPERCOIL_TX_RH1_FIXED	Neg	GH	3	0	0	PEAK_TEMP
PBEH2_BCBC69_PLASMIDPFC8_TACINIT_VR31_DESCSUPERCOIL_TX_RH1	Neg	GH	12	0	0	PEAK_TEMP
PBEH2_BCBC70_PLASMIDPFC8_TACINIT_VR01_DESCSUPERCOIL_NT_COSSB_FIXED	Neg	GH	29	0	0	PEAK_TEMP
PBEH2_BCBC70_PLASMIDPFC8_TACINIT_VR01_DESCSUPERCOIL_NT_COSSB	Neg	GH	433	1	0.2	PEAK_TEMP
PBEH2_BCBC70_PLASMIDPFC8_TACINIT_VR02_DESCSUPERCOIL_NT_COSSB_FIXED	Neg	GH	28	0	0	PEAK_TEMP
PBEH2_BCBC70_PLASMIDPFC8_TACINIT_VR02_DESCSUPERCOIL_NT_COSSB	Neg	GH	466	3	0.6	PEAK_TEMP
PBEH2_BCBC70_PLASMIDPFC8_TACINIT_VR03_DESCSUPERCOIL_NT_COSSB_FIXED	Neg	GH	35	0	0	PEAK_TEMP
PBEH2_BCBC70_PLASMIDPFC8_TACINIT_VR03_DESCSUPERCOIL_NT_COSSB	Neg	GH	303	1	0.3	PEAK_TEMP
PBEH2_BCBC70_PLASMIDPFC8_TACINIT_VR04_DESCSUPERCOIL_NT_COSSB_FIXED	Neg	GH	39	0	0	PEAK_TEMP
PBEH2_BCBC70_PLASMIDPFC8_TACINIT_VR04_DESCSUPERCOIL_NT_COSSB	Neg	GH	364	0	0	PEAK_TEMP
PBEH2_BCBC70_PLASMIDPFC8_TACINIT_VR05_DESCSUPERCOIL_NT_COSSB_FIXED	Neg	GH	1789	0	0	PEAK_TEMP
PBEH2_BCBC70_PLASMIDPFC8_TACINIT_VR05_DESCSUPERCOIL_NT_COSSB	Neg	GH	87	0	0	PEAK_TEMP
PBEH2_BCBC70_PLASMIDPFC8_TACINIT_VR06_DESCSUPERCOIL_NT_COSSB_FIXED	Neg	GH	2	0	0	PEAK_TEMP
PBEH2_BCBC70_PLASMIDPFC8_TACINIT_VR06_DESCSUPERCOIL_NT_COSSB	Neg	GH	27	0	0	PEAK_TEMP
PBEH2_BCBC70_PLASMIDPFC8_TACINIT_VR07_DESCSUPERCOIL_NT_COSSB_FIXED	Neg	GH	39	0	0	PEAK_TEMP
PBEH2_BCBC70_PLASMIDPFC8_TACINIT_VR07_DESCSUPERCOIL_NT_COSSB	Neg	GH	447	1	0.2	PEAK_TEMP
PBEH2_BCBC70_PLASMIDPFC8_TACINIT_VR08_DESCSUPERCOIL_NT_COSSB_FIXED	Neg	GH	45	0	0	PEAK_TEMP
PBEH2_BCBC70_PLASMIDPFC8_TACINIT_VR08_DESCSUPERCOIL_NT_COSSB	Neg	GH	255	1	0.4	PEAK_TEMP
PBEH2_BCBC70_PLASMIDPFC8_TACINIT_VR09_DESCSUPERCOIL_NT_COSSB_FIXED	Neg	GH	24	0	0	PEAK_TEMP
PBEH2_BCBC70_PLASMIDPFC8_TACINIT_VR09_DESCSUPERCOIL_NT_COSSB	Neg	GH	367	0	0	PEAK_TEMP
PBEH2_BCBC70_PLASMIDPFC8_TACINIT_VR10_DESCSUPERCOIL_NT_COSSB_FIXED	Neg	GH	36	0	0	PEAK_TEMP
PBEH2_BCBC70_PLASMIDPFC8_TACINIT_VR10_DESCSUPERCOIL_NT_COSSB	Neg	GH	599	0	0	PEAK_TEMP
PBEH2_BCBC70_PLASMIDPFC8_TACINIT_VR11_DESCSUPERCOIL_NT_COSSB_FIXED	Neg	GH	35	0	0	PEAK_TEMP
PBEH2_BCBC70_PLASMIDPFC8_TACINIT_VR11_DESCSUPERCOIL_NT_COSSB	Neg	GH	393	0	0	PEAK_TEMP
PBEH2_BCBC70_PLASMIDPFC8_TACINIT_VR12_DESCSUPERCOIL_NT_COSSB_FIXED	Neg	GH	20	0	0	PEAK_TEMP
PBEH2_BCBC70_PLASMIDPFC8_TACINIT_VR12_DESCSUPERCOIL_NT_COSSB	Neg	GH	199	0	0	PEAK_TEMP
PBEH2_BCBC70_PLASMIDPFC8_TACINIT_VR13_DESCSUPERCOIL_NT_COSSB_FIXED	Neg	GH	20	0	0	PEAK_TEMP
PBEH2_BCBC70_PLASMIDPFC8_TACINIT_VR13_DESCSUPERCOIL_NT_COSSB	Neg	GH	376	0	0	PEAK_TEMP
PBEH2_BCBC70_PLASMIDPFC8_TACINIT_VR14_DESCSUPERCOIL_NT_COSSB_FIXED	Neg	GH	37	0	0	PEAK_TEMP
PBEH2_BCBC70_PLASMIDPFC8_TACINIT_VR14_DESCSUPERCOIL_NT_COSSB	Neg	GH	374	0	0	PEAK_TEMP
PBEH2_BCBC70_PLASMIDPFC8_TACINIT_VR15_DESCSUPERCOIL_NT_COSSB_FIXED	Neg	GH	78	0	0	PEAK_TEMP
PBEH2_BCBC70_PLASMIDPFC8_TACINIT_VR15_DESCSUPERCOIL_NT_COSSB	Neg	GH	587	1	0.2	PEAK_TEMP
PBEH2_BCBC70_PLASMIDPFC8_TACINIT_VR16_DESCSUPERCOIL_NT_COSSB_FIXED	Neg	GH	18	0	0	PEAK_TEMP
PBEH2_BCBC70_PLASMIDPFC8_TACINIT_VR16_DESCSUPERCOIL_NT_COSSB	Neg	GH	315	1	0.3	PEAK_TEMP
PBEH2_BCBC70_PLASMIDPFC8_TACINIT_VR17_DESCSUPERCOIL_NT_COSSB_FIXED	Neg	GH	134	0	0	PEAK_TEMP
PBEH2_BCBC70_PLASMIDPFC8_TACINIT_VR17_DESCSUPERCOIL_NT_COSSB	Neg	GH	11	0	0	PEAK_TEMP
PBEH2_BCBC70_PLASMIDPFC8_TACINIT_VR18_DESCSUPERCOIL_NT_COSSB_FIXED	Neg	GH	38	0	0	PEAK_TEMP
PBEH2_BCBC70_PLASMIDPFC8_TACINIT_VR18_DESCSUPERCOIL_NT_COSSB	Neg	GH	439	0	0	PEAK_TEMP
PBEH2_BCBC70_PLASMIDPFC8_TACINIT_VR19_DESCSUPERCOIL_NT_COSSB_FIXED	Neg	GH	3713	9	0.2	PEAK_TEMP
PBEH2_BCBC70_PLASMIDPFC8_TACINIT_VR19_DESCSUPERCOIL_NT_COSSB	Neg	GH	77	0	0	PEAK_TEMP
PBEH2_BCBC70_PLASMIDPFC8_TACINIT_VR20_DESCSUPERCOIL_NT_COSSB_FIXED	Neg	GH	36	0	0	PEAK_TEMP
PBEH2_BCBC70_PLASMIDPFC8_TACINIT_VR20_DESCSUPERCOIL_NT_COSSB	Neg	GH	414	0	0	PEAK_TEMP
PBEH2_BCBC70_PLASMIDPFC8_TACINIT_VR21_DESCSUPERCOIL_NT_COSSB_FIXED	Neg	GH	1	0	0	PEAK_TEMP
PBEH2_BCBC70_PLASMIDPFC8_TACINIT_VR21_DESCSUPERCOIL_NT_COSSB	Neg	GH	9	0	0	PEAK_TEMP
PBEH2_BCBC70_PLASMIDPFC8_TACINIT_VR22_DESCSUPERCOIL_NT_COSSB_FIXED	Neg	GH	52	0	0	PEAK_TEMP
PBEH2_BCBC70_PLASMIDPFC8_TACINIT_VR22_DESCSUPERCOIL_NT_COSSB	Neg	GH	655	3	0.5	PEAK_TEMP
PBEH2_BCBC70_PLASMIDPFC8_TACINIT_VR23_DESCSUPERCOIL_NT_COSSB_FIXED	Neg	GH	309	2	0.6	PEAK_TEMP
PBEH2_BCBC70_PLASMIDPFC8_TACINIT_VR23_DESCSUPERCOIL_NT_COSSB	Neg	GH	15	0	0	PEAK_TEMP
PBEH2_BCBC70_PLASMIDPFC8_TACINIT_VR24_DESCSUPERCOIL_NT_COSSB_FIXED	Neg	GH	38	0	0	PEAK_TEMP
PBEH2_BCBC70_PLASMIDPFC8_TACINIT_VR24_DESCSUPERCOIL_NT_COSSB	Neg	GH	403	1	0.2	PEAK_TEMP
PBEH2_BCBC70_PLASMIDPFC8_TACINIT_VR25_DESCSUPERCOIL_NT_COSSB_FIXED	Neg	GH	4	0	0	PEAK_TEMP
PBEH2_BCBC70_PLASMIDPFC8_TACINIT_VR25_DESCSUPERCOIL_NT_COSSB	Neg	GH	71	0	0	PEAK_TEMP
PBEH2_BCBC70_PLASMIDPFC8_TACINIT_VR26_DESCSUPERCOIL_NT_COSSB_FIXED	Neg	GH	33	0	0	PEAK_TEMP
PBEH2_BCBC70_PLASMIDPFC8_TACINIT_VR26_DESCSUPERCOIL_NT_COSSB	Neg	GH	307	0	0	PEAK_TEMP
PBEH2_BCBC70_PLASMIDPFC8_TACINIT_VR27_DESCSUPERCOIL_NT_COSSB_FIXED	Neg	GH	27	0	0	PEAK_TEMP
PBEH2_BCBC70_PLASMIDPFC8_TACINIT_VR27_DESCSUPERCOIL_NT_COSSB	Neg	GH	313	2	0.6	PEAK_TEMP
PBEH2_BCBC70_PLASMIDPFC8_TACINIT_VR28_DESCSUPERCOIL_NT_COSSB_FIXED	Neg	GH	27	0	0	PEAK_TEMP
PBEH2_BCBC70_PLASMIDPFC8_TACINIT_VR28_DESCSUPERCOIL_NT_COSSB	Neg	GH	376	1	0.3	PEAK_TEMP
PBEH2_BCBC70_PLASMIDPFC8_TACINIT_VR29_DESCSUPERCOIL_NT_COSSB_FIXED	Neg	GH	525	0	0	PEAK_TEMP
PBEH2_BCBC70_PLASMIDPFC8_TACINIT_VR29_DESCSUPERCOIL_NT_COSSB	Neg	GH	12359	11	0.1	PEAK_TEMP
PBEH2_BCBC70_PLASMIDPFC8_TACINIT_VR30_DESCSUPERCOIL_NT_COSSB_FIXED	Neg	GH	27	0	0	PEAK_TEMP
PBEH2_BCBC70_PLASMIDPFC8_TACINIT_VR30_DESCSUPERCOIL_NT_COSSB	Neg	GH	211	0	0	PEAK_TEMP
PBEH2_BCBC70_PLASMIDPFC8_TACINIT_VR31_DESCSUPERCOIL_NT_COSSB_FIXED	Neg	GH	2	0	0	PEAK_TEMP
PBEH2_BCBC70_PLASMIDPFC8_TACINIT_VR31_DESCSUPERCOIL_NT_COSSB	Neg	GH	22	0	0	PEAK_TEMP
PBEH2_BCBC71_PLASMIDPFC8_TACINIT_VR01_DESCSUPERCOIL_TX_COSSB_FIXED	Neg	GH	13	0	0	PEAK_TEMP
PBEH2_BCBC71_PLASMIDPFC8_TACINIT_VR01_DESCSUPERCOIL_TX_COSSB	Neg	GH	240	0	0	PEAK_TEMP
PBEH2_BCBC71_PLASMIDPFC8_TACINIT_VR02_DESCSUPERCOIL_TX_COSSB_FIXED	Neg	GH	32	0	0	PEAK_TEMP
PBEH2_BCBC71_PLASMIDPFC8_TACINIT_VR02_DESCSUPERCOIL_TX_COSSB	Neg	GH	309	0	0	PEAK_TEMP
PBEH2_BCBC71_PLASMIDPFC8_TACINIT_VR03_DESCSUPERCOIL_TX_COSSB_FIXED	Neg	GH	27	0	0	PEAK_TEMP
PBEH2_BCBC71_PLASMIDPFC8_TACINIT_VR03_DESCSUPERCOIL_TX_COSSB	Neg	GH	201	0	0	PEAK_TEMP
PBEH2_BCBC71_PLASMIDPFC8_TACINIT_VR04_DESCSUPERCOIL_TX_COSSB_FIXED	Neg	GH	31	0	0	PEAK_TEMP
PBEH2_BCBC71_PLASMIDPFC8_TACINIT_VR04_DESCSUPERCOIL_TX_COSSB	Neg	GH	255	1	0.4	PEAK_TEMP
PBEH2_BCBC71_PLASMIDPFC8_TACINIT_VR05_DESCSUPERCOIL_TX_COSSB_FIXED	Neg	GH	1221	1	0.1	PEAK_TEMP
PBEH2_BCBC71_PLASMIDPFC8_TACINIT_VR05_DESCSUPERCOIL_TX_COSSB	Neg	GH	65	0	0	PEAK_TEMP
PBEH2_BCBC71_PLASMIDPFC8_TACINIT_VR06_DESCSUPERCOIL_TX_COSSB_FIXED	Neg	GH	3	0	0	PEAK_TEMP
PBEH2_BCBC71_PLASMIDPFC8_TACINIT_VR06_DESCSUPERCOIL_TX_COSSB	Neg	GH	25	0	0	PEAK_TEMP
PBEH2_BCBC71_PLASMIDPFC8_TACINIT_VR07_DESCSUPERCOIL_TX_COSSB_FIXED	Neg	GH	31	0	0	PEAK_TEMP
PBEH2_BCBC71_PLASMIDPFC8_TACINIT_VR07_DESCSUPERCOIL_TX_COSSB	Neg	GH	289	1	0.3	PEAK_TEMP
PBEH2_BCBC71_PLASMIDPFC8_TACINIT_VR08_DESCSUPERCOIL_TX_COSSB_FIXED	Neg	GH	31	0	0	PEAK_TEMP
PBEH2_BCBC71_PLASMIDPFC8_TACINIT_VR08_DESCSUPERCOIL_TX_COSSB	Neg	GH	206	0	0	PEAK_TEMP
PBEH2_BCBC71_PLASMIDPFC8_TACINIT_VR09_DESCSUPERCOIL_TX_COSSB_FIXED	Neg	GH	19	0	0	PEAK_TEMP
PBEH2_BCBC71_PLASMIDPFC8_TACINIT_VR09_DESCSUPERCOIL_TX_COSSB	Neg	GH	258	0	0	PEAK_TEMP
PBEH2_BCBC71_PLASMIDPFC8_TACINIT_VR10_DESCSUPERCOIL_TX_COSSB_FIXED	Neg	GH	27	0	0	PEAK_TEMP
PBEH2_BCBC71_PLASMIDPFC8_TACINIT_VR10_DESCSUPERCOIL_TX_COSSB	Neg	GH	321	0	0	PEAK_TEMP
PBEH2_BCBC71_PLASMIDPFC8_TACINIT_VR11_DESCSUPERCOIL_TX_COSSB_FIXED	Neg	GH	27	0	0	PEAK_TEMP
PBEH2_BCBC71_PLASMIDPFC8_TACINIT_VR11_DESCSUPERCOIL_TX_COSSB	Neg	GH	239	0	0	PEAK_TEMP
PBEH2_BCBC71_PLASMIDPFC8_TACINIT_VR12_DESCSUPERCOIL_TX_COSSB_FIXED	Neg	GH	13	0	0	PEAK_TEMP
PBEH2_BCBC71_PLASMIDPFC8_TACINIT_VR12_DESCSUPERCOIL_TX_COSSB	Neg	GH	164	0	0	PEAK_TEMP
PBEH2_BCBC71_PLASMIDPFC8_TACINIT_VR13_DESCSUPERCOIL_TX_COSSB_FIXED	Neg	GH	25	0	0	PEAK_TEMP
PBEH2_BCBC71_PLASMIDPFC8_TACINIT_VR13_DESCSUPERCOIL_TX_COSSB	Neg	GH	240	0	0	PEAK_TEMP
PBEH2_BCBC71_PLASMIDPFC8_TACINIT_VR14_DESCSUPERCOIL_TX_COSSB_FIXED	Neg	GH	25	0	0	PEAK_TEMP
PBEH2_BCBC71_PLASMIDPFC8_TACINIT_VR14_DESCSUPERCOIL_TX_COSSB	Neg	GH	215	0	0	PEAK_TEMP
PBEH2_BCBC71_PLASMIDPFC8_TACINIT_VR15_DESCSUPERCOIL_TX_COSSB_FIXED	Neg	GH	48	0	0	PEAK_TEMP
PBEH2_BCBC71_PLASMIDPFC8_TACINIT_VR15_DESCSUPERCOIL_TX_COSSB	Neg	GH	337	0	0	PEAK_TEMP
PBEH2_BCBC71_PLASMIDPFC8_TACINIT_VR16_DESCSUPERCOIL_TX_COSSB_FIXED	Neg	GH	18	0	0	PEAK_TEMP
PBEH2_BCBC71_PLASMIDPFC8_TACINIT_VR16_DESCSUPERCOIL_TX_COSSB	Neg	GH	200	0	0	PEAK_TEMP
PBEH2_BCBC71_PLASMIDPFC8_TACINIT_VR17_DESCSUPERCOIL_TX_COSSB_FIXED	Neg	GH	79	0	0	PEAK_TEMP
PBEH2_BCBC71_PLASMIDPFC8_TACINIT_VR17_DESCSUPERCOIL_TX_COSSB	Neg	GH	9	0	0	PEAK_TEMP
PBEH2_BCBC71_PLASMIDPFC8_TACINIT_VR18_DESCSUPERCOIL_TX_COSSB_FIXED	Neg	GH	24	0	0	PEAK_TEMP
PBEH2_BCBC71_PLASMIDPFC8_TACINIT_VR18_DESCSUPERCOIL_TX_COSSB	Neg	GH	263	0	0	PEAK_TEMP
PBEH2_BCBC71_PLASMIDPFC8_TACINIT_VR19_DESCSUPERCOIL_TX_COSSB_FIXED	Neg	GH	2596	11	0.4	PEAK_TEMP
PBEH2_BCBC71_PLASMIDPFC8_TACINIT_VR19_DESCSUPERCOIL_TX_COSSB	Neg	GH	49	0	0	PEAK_TEMP
PBEH2_BCBC71_PLASMIDPFC8_TACINIT_VR20_DESCSUPERCOIL_TX_COSSB_FIXED	Neg	GH	30	0	0	PEAK_TEMP
PBEH2_BCBC71_PLASMIDPFC8_TACINIT_VR20_DESCSUPERCOIL_TX_COSSB	Neg	GH	270	0	0	PEAK_TEMP
PBEH2_BCBC71_PLASMIDPFC8_TACINIT_VR21_DESCSUPERCOIL_TX_COSSB_FIXED	Neg	GH	0	0	0	PEAK_TEMP
PBEH2_BCBC71_PLASMIDPFC8_TACINIT_VR21_DESCSUPERCOIL_TX_COSSB	Neg	GH	14	0	0	PEAK_TEMP
PBEH2_BCBC71_PLASMIDPFC8_TACINIT_VR22_DESCSUPERCOIL_TX_COSSB_FIXED	Neg	GH	31	0	0	PEAK_TEMP
PBEH2_BCBC71_PLASMIDPFC8_TACINIT_VR22_DESCSUPERCOIL_TX_COSSB	Neg	GH	398	0	0	PEAK_TEMP
PBEH2_BCBC71_PLASMIDPFC8_TACINIT_VR23_DESCSUPERCOIL_TX_COSSB_FIXED	Neg	GH	201	5	2.5	PEAK_TEMP
PBEH2_BCBC71_PLASMIDPFC8_TACINIT_VR23_DESCSUPERCOIL_TX_COSSB	Neg	GH	8	0	0	PEAK_TEMP
PBEH2_BCBC71_PLASMIDPFC8_TACINIT_VR24_DESCSUPERCOIL_TX_COSSB_FIXED	Neg	GH	19	0	0	PEAK_TEMP
PBEH2_BCBC71_PLASMIDPFC8_TACINIT_VR24_DESCSUPERCOIL_TX_COSSB	Neg	GH	247	0	0	PEAK_TEMP
PBEH2_BCBC71_PLASMIDPFC8_TACINIT_VR25_DESCSUPERCOIL_TX_COSSB_FIXED	Neg	GH	1	0	0	PEAK_TEMP
PBEH2_BCBC71_PLASMIDPFC8_TACINIT_VR25_DESCSUPERCOIL_TX_COSSB	Neg	GH	37	0	0	PEAK_TEMP
PBEH2_BCBC71_PLASMIDPFC8_TACINIT_VR26_DESCSUPERCOIL_TX_COSSB_FIXED	Neg	GH	20	0	0	PEAK_TEMP
PBEH2_BCBC71_PLASMIDPFC8_TACINIT_VR26_DESCSUPERCOIL_TX_COSSB	Neg	GH	147	0	0	PEAK_TEMP
PBEH2_BCBC71_PLASMIDPFC8_TACINIT_VR27_DESCSUPERCOIL_TX_COSSB_FIXED	Neg	GH	22	0	0	PEAK_TEMP
PBEH2_BCBC71_PLASMIDPFC8_TACINIT_VR27_DESCSUPERCOIL_TX_COSSB	Neg	GH	185	0	0	PEAK_TEMP
PBEH2_BCBC71_PLASMIDPFC8_TACINIT_VR28_DESCSUPERCOIL_TX_COSSB_FIXED	Neg	GH	26	0	0	PEAK_TEMP
PBEH2_BCBC71_PLASMIDPFC8_TACINIT_VR28_DESCSUPERCOIL_TX_COSSB	Neg	GH	222	0	0	PEAK_TEMP
PBEH2_BCBC71_PLASMIDPFC8_TACINIT_VR29_DESCSUPERCOIL_TX_COSSB_FIXED	Neg	GH	368	0	0	PEAK_TEMP
PBEH2_BCBC71_PLASMIDPFC8_TACINIT_VR29_DESCSUPERCOIL_TX_COSSB	Neg	GH	7102	6	0.1	PEAK_TEMP
PBEH2_BCBC71_PLASMIDPFC8_TACINIT_VR30_DESCSUPERCOIL_TX_COSSB_FIXED	Neg	GH	16	0	0	PEAK_TEMP
PBEH2_BCBC71_PLASMIDPFC8_TACINIT_VR30_DESCSUPERCOIL_TX_COSSB	Neg	GH	92	0	0	PEAK_TEMP
PBEH2_BCBC71_PLASMIDPFC8_TACINIT_VR31_DESCSUPERCOIL_TX_COSSB_FIXED	Neg	GH	0	0	0	PEAK_TEMP
PBEH2_BCBC71_PLASMIDPFC8_TACINIT_VR31_DESCSUPERCOIL_TX_COSSB	Neg	GH	11	0	0	PEAK_TEMP
PBEH2_BCBC72_PLASMIDPFC8_TACINIT_VR01_DESCSUPERCOIL_TX_COSSB_RH1_FIXED	Neg	GH	21	0	0	PEAK_TEMP
PBEH2_BCBC72_PLASMIDPFC8_TACINIT_VR01_DESCSUPERCOIL_TX_COSSB_RH1	Neg	GH	338	0	0	PEAK_TEMP
PBEH2_BCBC72_PLASMIDPFC8_TACINIT_VR02_DESCSUPERCOIL_TX_COSSB_RH1_FIXED	Neg	GH	25	0	0	PEAK_TEMP
PBEH2_BCBC72_PLASMIDPFC8_TACINIT_VR02_DESCSUPERCOIL_TX_COSSB_RH1	Neg	GH	377	0	0	PEAK_TEMP
PBEH2_BCBC72_PLASMIDPFC8_TACINIT_VR03_DESCSUPERCOIL_TX_COSSB_RH1_FIXED	Neg	GH	20	0	0	PEAK_TEMP
PBEH2_BCBC72_PLASMIDPFC8_TACINIT_VR03_DESCSUPERCOIL_TX_COSSB_RH1	Neg	GH	246	0	0	PEAK_TEMP
PBEH2_BCBC72_PLASMIDPFC8_TACINIT_VR04_DESCSUPERCOIL_TX_COSSB_RH1_FIXED	Neg	GH	19	0	0	PEAK_TEMP
PBEH2_BCBC72_PLASMIDPFC8_TACINIT_VR04_DESCSUPERCOIL_TX_COSSB_RH1	Neg	GH	297	1	0.3	PEAK_TEMP
PBEH2_BCBC72_PLASMIDPFC8_TACINIT_VR05_DESCSUPERCOIL_TX_COSSB_RH1_FIXED	Neg	GH	1234	0	0	PEAK_TEMP
PBEH2_BCBC72_PLASMIDPFC8_TACINIT_VR05_DESCSUPERCOIL_TX_COSSB_RH1	Neg	GH	81	0	0	PEAK_TEMP
PBEH2_BCBC72_PLASMIDPFC8_TACINIT_VR06_DESCSUPERCOIL_TX_COSSB_RH1_FIXED	Neg	GH	2	0	0	PEAK_TEMP
PBEH2_BCBC72_PLASMIDPFC8_TACINIT_VR06_DESCSUPERCOIL_TX_COSSB_RH1	Neg	GH	34	0	0	PEAK_TEMP
PBEH2_BCBC72_PLASMIDPFC8_TACINIT_VR07_DESCSUPERCOIL_TX_COSSB_RH1_FIXED	Neg	GH	33	0	0	PEAK_TEMP
PBEH2_BCBC72_PLASMIDPFC8_TACINIT_VR07_DESCSUPERCOIL_TX_COSSB_RH1	Neg	GH	325	1	0.3	PEAK_TEMP
PBEH2_BCBC72_PLASMIDPFC8_TACINIT_VR08_DESCSUPERCOIL_TX_COSSB_RH1_FIXED	Neg	GH	19	0	0	PEAK_TEMP
PBEH2_BCBC72_PLASMIDPFC8_TACINIT_VR08_DESCSUPERCOIL_TX_COSSB_RH1	Neg	GH	221	0	0	PEAK_TEMP
PBEH2_BCBC72_PLASMIDPFC8_TACINIT_VR09_DESCSUPERCOIL_TX_COSSB_RH1_FIXED	Neg	GH	17	0	0	PEAK_TEMP
PBEH2_BCBC72_PLASMIDPFC8_TACINIT_VR09_DESCSUPERCOIL_TX_COSSB_RH1	Neg	GH	313	0	0	PEAK_TEMP
PBEH2_BCBC72_PLASMIDPFC8_TACINIT_VR10_DESCSUPERCOIL_TX_COSSB_RH1_FIXED	Neg	GH	16	0	0	PEAK_TEMP
PBEH2_BCBC72_PLASMIDPFC8_TACINIT_VR10_DESCSUPERCOIL_TX_COSSB_RH1	Neg	GH	436	1	0.2	PEAK_TEMP
PBEH2_BCBC72_PLASMIDPFC8_TACINIT_VR11_DESCSUPERCOIL_TX_COSSB_RH1_FIXED	Neg	GH	24	0	0	PEAK_TEMP
PBEH2_BCBC72_PLASMIDPFC8_TACINIT_VR11_DESCSUPERCOIL_TX_COSSB_RH1	Neg	GH	323	1	0.3	PEAK_TEMP
PBEH2_BCBC72_PLASMIDPFC8_TACINIT_VR12_DESCSUPERCOIL_TX_COSSB_RH1_FIXED	Neg	GH	12	0	0	PEAK_TEMP
PBEH2_BCBC72_PLASMIDPFC8_TACINIT_VR12_DESCSUPERCOIL_TX_COSSB_RH1	Neg	GH	161	0	0	PEAK_TEMP
PBEH2_BCBC72_PLASMIDPFC8_TACINIT_VR13_DESCSUPERCOIL_TX_COSSB_RH1_FIXED	Neg	GH	14	0	0	PEAK_TEMP
PBEH2_BCBC72_PLASMIDPFC8_TACINIT_VR13_DESCSUPERCOIL_TX_COSSB_RH1	Neg	GH	304	0	0	PEAK_TEMP
PBEH2_BCBC72_PLASMIDPFC8_TACINIT_VR14_DESCSUPERCOIL_TX_COSSB_RH1_FIXED	Neg	GH	17	0	0	PEAK_TEMP
PBEH2_BCBC72_PLASMIDPFC8_TACINIT_VR14_DESCSUPERCOIL_TX_COSSB_RH1	Neg	GH	304	0	0	PEAK_TEMP
PBEH2_BCBC72_PLASMIDPFC8_TACINIT_VR15_DESCSUPERCOIL_TX_COSSB_RH1_FIXED	Neg	GH	45	0	0	PEAK_TEMP
PBEH2_BCBC72_PLASMIDPFC8_TACINIT_VR15_DESCSUPERCOIL_TX_COSSB_RH1	Neg	GH	470	1	0.2	PEAK_TEMP
PBEH2_BCBC72_PLASMIDPFC8_TACINIT_VR16_DESCSUPERCOIL_TX_COSSB_RH1_FIXED	Neg	GH	17	0	0	PEAK_TEMP
PBEH2_BCBC72_PLASMIDPFC8_TACINIT_VR16_DESCSUPERCOIL_TX_COSSB_RH1	Neg	GH	248	0	0	PEAK_TEMP
PBEH2_BCBC72_PLASMIDPFC8_TACINIT_VR17_DESCSUPERCOIL_TX_COSSB_RH1_FIXED	Neg	GH	97	0	0	PEAK_TEMP
PBEH2_BCBC72_PLASMIDPFC8_TACINIT_VR17_DESCSUPERCOIL_TX_COSSB_RH1	Neg	GH	6	0	0	PEAK_TEMP
PBEH2_BCBC72_PLASMIDPFC8_TACINIT_VR18_DESCSUPERCOIL_TX_COSSB_RH1_FIXED	Neg	GH	30	0	0	PEAK_TEMP
PBEH2_BCBC72_PLASMIDPFC8_TACINIT_VR18_DESCSUPERCOIL_TX_COSSB_RH1	Neg	GH	339	1	0.3	PEAK_TEMP
PBEH2_BCBC72_PLASMIDPFC8_TACINIT_VR19_DESCSUPERCOIL_TX_COSSB_RH1_FIXED	Neg	GH	2618	18	0.7	PEAK_TEMP
PBEH2_BCBC72_PLASMIDPFC8_TACINIT_VR19_DESCSUPERCOIL_TX_COSSB_RH1	Neg	GH	68	3	4.4	PEAK_TEMP
PBEH2_BCBC72_PLASMIDPFC8_TACINIT_VR20_DESCSUPERCOIL_TX_COSSB_RH1_FIXED	Neg	GH	25	0	0	PEAK_TEMP
PBEH2_BCBC72_PLASMIDPFC8_TACINIT_VR20_DESCSUPERCOIL_TX_COSSB_RH1	Neg	GH	362	0	0	PEAK_TEMP
PBEH2_BCBC72_PLASMIDPFC8_TACINIT_VR21_DESCSUPERCOIL_TX_COSSB_RH1_FIXED	Neg	GH	1	0	0	PEAK_TEMP
PBEH2_BCBC72_PLASMIDPFC8_TACINIT_VR21_DESCSUPERCOIL_TX_COSSB_RH1	Neg	GH	7	0	0	PEAK_TEMP
PBEH2_BCBC72_PLASMIDPFC8_TACINIT_VR22_DESCSUPERCOIL_TX_COSSB_RH1_FIXED	Neg	GH	33	0	0	PEAK_TEMP
PBEH2_BCBC72_PLASMIDPFC8_TACINIT_VR22_DESCSUPERCOIL_TX_COSSB_RH1	Neg	GH	520	0	0	PEAK_TEMP
PBEH2_BCBC72_PLASMIDPFC8_TACINIT_VR23_DESCSUPERCOIL_TX_COSSB_RH1_FIXED	Neg	GH	179	1	0.6	PEAK_TEMP
PBEH2_BCBC72_PLASMIDPFC8_TACINIT_VR23_DESCSUPERCOIL_TX_COSSB_RH1	Neg	GH	9	0	0	PEAK_TEMP
PBEH2_BCBC72_PLASMIDPFC8_TACINIT_VR24_DESCSUPERCOIL_TX_COSSB_RH1_FIXED	Neg	GH	20	0	0	PEAK_TEMP
PBEH2_BCBC72_PLASMIDPFC8_TACINIT_VR24_DESCSUPERCOIL_TX_COSSB_RH1	Neg	GH	286	1	0.3	PEAK_TEMP
PBEH2_BCBC72_PLASMIDPFC8_TACINIT_VR25_DESCSUPERCOIL_TX_COSSB_RH1_FIXED	Neg	GH	0	0	0	PEAK_TEMP
PBEH2_BCBC72_PLASMIDPFC8_TACINIT_VR25_DESCSUPERCOIL_TX_COSSB_RH1	Neg	GH	56	0	0	PEAK_TEMP
PBEH2_BCBC72_PLASMIDPFC8_TACINIT_VR26_DESCSUPERCOIL_TX_COSSB_RH1_FIXED	Neg	GH	14	0	0	PEAK_TEMP
PBEH2_BCBC72_PLASMIDPFC8_TACINIT_VR26_DESCSUPERCOIL_TX_COSSB_RH1	Neg	GH	232	0	0	PEAK_TEMP
PBEH2_BCBC72_PLASMIDPFC8_TACINIT_VR27_DESCSUPERCOIL_TX_COSSB_RH1_FIXED	Neg	GH	13	0	0	PEAK_TEMP
PBEH2_BCBC72_PLASMIDPFC8_TACINIT_VR27_DESCSUPERCOIL_TX_COSSB_RH1	Neg	GH	252	1	0.4	PEAK_TEMP
PBEH2_BCBC72_PLASMIDPFC8_TACINIT_VR28_DESCSUPERCOIL_TX_COSSB_RH1_FIXED	Neg	GH	15	0	0	PEAK_TEMP
PBEH2_BCBC72_PLASMIDPFC8_TACINIT_VR28_DESCSUPERCOIL_TX_COSSB_RH1	Neg	GH	314	0	0	PEAK_TEMP
PBEH2_BCBC72_PLASMIDPFC8_TACINIT_VR29_DESCSUPERCOIL_TX_COSSB_RH1_FIXED	Neg	GH	304	0	0	PEAK_TEMP
PBEH2_BCBC72_PLASMIDPFC8_TACINIT_VR29_DESCSUPERCOIL_TX_COSSB_RH1	Neg	GH	10132	10	0.1	PEAK_TEMP
PBEH2_BCBC72_PLASMIDPFC8_TACINIT_VR30_DESCSUPERCOIL_TX_COSSB_RH1_FIXED	Neg	GH	8	0	0	PEAK_TEMP
PBEH2_BCBC72_PLASMIDPFC8_TACINIT_VR30_DESCSUPERCOIL_TX_COSSB_RH1	Neg	GH	159	1	0.6	PEAK_TEMP
PBEH2_BCBC72_PLASMIDPFC8_TACINIT_VR31_DESCSUPERCOIL_TX_COSSB_RH1_FIXED	Neg	GH	1	0	0	PEAK_TEMP
PBEH2_BCBC72_PLASMIDPFC8_TACINIT_VR31_DESCSUPERCOIL_TX_COSSB_RH1	Neg	GH	20	0	0	PEAK_TEMP
PBEH2_BCBC73_PLASMIDPFC9_DESCSUPERCOIL_TX_PRIMERFIXED	Neg	GH	5593	4	0.1	PEAK_TEMP
PBEH2_BCBC74_PLASMIDPFC9_DESCSUPERCOIL_TX_RH1_PRIMERFIXED	Neg	GH	7103	21	0.3	PEAK_TEMP
PBEH2_BCBC75_PLASMIDPFC9_DESC_TX_POSTTXCUTLINEARHINDIII_PRIMERFIXED	Neg	GH	7661	1	0	PEAK_TEMP
PBEH2_BCBC76_PLASMIDPFC9_DESC_TX_POSTTXCUTLINEARHINDIII_RH1_PRIMERFIXED	Neg	GH	9179	24	0.3	PEAK_TEMP
PBEH2_BCBC77_PLASMIDPFC9_DESCSUPERCOIL_TX_COSSB_PRIMERFIXED	Neg	GH	4427	1	0	PEAK_TEMP
PBEH2_BCBC78_PLASMIDPFC9_DESCSUPERCOIL_TX_COSSB_RH1_PRIMERFIXED	Neg	GH	7504	29	0.4	PEAK_TEMP
PBEH2_BCBC79_PLASMIDPFC9_DESC_TX_POSTTXCUTLINEARHINDIII_COSSB_PRIMERFIXED	Neg	GH	7313	0	0	PEAK_TEMP
PBEH2_BCBC80_PLASMIDPFC9_DESC_TX_POSTTXCUTLINEARHINDIII_COSSB_RH1_PRIMERFIXED	Neg	GH	12012	22	0.2	PEAK_TEMP
PBEH2_BCBC81_PLASMIDPFC8_TACT1T2_DESCLINEARBSAI_TX_NICKED_SGRNA8	Neg	GH	1540	11	0.7	PEAK_TEMP
PBEH2_BCBC82_PLASMIDPFC8_TACT1T2_DESCLINEARBSAI_TX_NICKED_SGRNA8_RH1	Neg	GH	923	0	0	PEAK_TEMP
PBEH2_BCBC83_PLASMIDPFC8_TACT1T2_DESCLINEARBSAI_TX_NICKED_SGRNA11	Neg	GH	1035	17	1.6	PEAK_TEMP
PBEH2_BCBC84_PLASMIDPFC8_TACT1T2_DESCLINEARBSAI_TX_NICKED_SGRNA11_RH1	Neg	GH	853	0	0	PEAK_TEMP
PBEH2_BCBC85_PLASMIDPFC8_TACT1T2_DESCLINEARBSAI_TX	Neg	GH	1861	4	0.2	PEAK_TEMP
PBEH2_BCBC86_PLASMIDPFC8_TACT1T2_DESCLINEARBSAI_TX_RH1	Neg	GH	729	0	0	PEAK_TEMP
PBEH2_BCBC87_PLASMIDT7INIT_VR01_DESCSUPERCOIL_TX	Neg	GH	1415	57	4	PEAK_TEMP
PBEH2_BCBC87_PLASMIDT7INIT_VR04_DESCSUPERCOIL_TX	Neg	GH	4741	34	0.7	PEAK_TEMP
PBEH2_BCBC87_PLASMIDT7INIT_VR22_DESCSUPERCOIL_TX	Neg	GH	2512	21	0.8	PEAK_TEMP
PBEH2_BCBC87_PLASMIDT7INIT_VR24_DESCSUPERCOIL_TX	Neg	GH	2672	19	0.7	PEAK_TEMP
PBEH2_BCBC87_PLASMIDT7INIT_VR25_DESCSUPERCOIL_TX	Neg	GH	673	11	1.6	PEAK_TEMP
PBEH2_BCBC87_PLASMIDT7INIT_VR27_DESCSUPERCOIL_TX	Neg	GH	1357	14	1	PEAK_TEMP
PBEH2_BCBC87_PLASMIDT7INIT_VR31_DESCSUPERCOIL_TX	Neg	GH	77	2	2.6	PEAK_TEMP
PBEH2_BCBC88_PLASMIDT7INIT_VR01_DESCSUPERCOIL_TX_RH1	Neg	GH	789	17	2.2	PEAK_TEMP
PBEH2_BCBC88_PLASMIDT7INIT_VR04_DESCSUPERCOIL_TX_RH1	Neg	GH	3006	19	0.6	PEAK_TEMP
PBEH2_BCBC88_PLASMIDT7INIT_VR22_DESCSUPERCOIL_TX_RH1	Neg	GH	1870	43	2.3	PEAK_TEMP
PBEH2_BCBC88_PLASMIDT7INIT_VR24_DESCSUPERCOIL_TX_RH1	Neg	GH	2151	19	0.9	PEAK_TEMP
PBEH2_BCBC88_PLASMIDT7INIT_VR25_DESCSUPERCOIL_TX_RH1	Neg	GH	757	35	4.6	PEAK_TEMP
PBEH2_BCBC88_PLASMIDT7INIT_VR27_DESCSUPERCOIL_TX_RH1	Neg	GH	1542	20	1.3	PEAK_TEMP
PBEH2_BCBC88_PLASMIDT7INIT_VR31_DESCSUPERCOIL_TX_RH1	Neg	GH	344	78	22.7	PEAK_TEMP
PBEH2_BCBC89_PLASMIDT7INIT_VR01_DESCLINEARBSAI_TX	Neg	GH	2468	4	0.2	PEAK_TEMP
PBEH2_BCBC89_PLASMIDT7INIT_VR04_DESCLINEARBSAI_TX	Neg	GH	5605	2	0	PEAK_TEMP
PBEH2_BCBC89_PLASMIDT7INIT_VR22_DESCLINEARBSAI_TX	Neg	GH	6767	6	0.1	PEAK_TEMP
PBEH2_BCBC89_PLASMIDT7INIT_VR24_DESCLINEARBSAI_TX	Neg	GH	2995	3	0.1	PEAK_TEMP
PBEH2_BCBC89_PLASMIDT7INIT_VR25_DESCLINEARBSAI_TX	Neg	GH	1056	1	0.1	PEAK_TEMP
PBEH2_BCBC89_PLASMIDT7INIT_VR27_DESCLINEARBSAI_TX	Neg	GH	2922	2	0.1	PEAK_TEMP
PBEH2_BCBC89_PLASMIDT7INIT_VR31_DESCLINEARBSAI_TX	Neg	GH	75	0	0	PEAK_TEMP
PBEH2_BCBC90_PLASMIDT7INIT_VR01_DESCLINEARBSAI_TX_RH1	Neg	GH	1798	0	0	PEAK_TEMP
PBEH2_BCBC90_PLASMIDT7INIT_VR04_DESCLINEARBSAI_TX_RH1	Neg	GH	4365	3	0.1	PEAK_TEMP
PBEH2_BCBC90_PLASMIDT7INIT_VR22_DESCLINEARBSAI_TX_RH1	Neg	GH	5291	7	0.1	PEAK_TEMP
PBEH2_BCBC90_PLASMIDT7INIT_VR24_DESCLINEARBSAI_TX_RH1	Neg	GH	2628	2	0.1	PEAK_TEMP
PBEH2_BCBC90_PLASMIDT7INIT_VR25_DESCLINEARBSAI_TX_RH1	Neg	GH	1011	2	0.2	PEAK_TEMP
PBEH2_BCBC90_PLASMIDT7INIT_VR27_DESCLINEARBSAI_TX_RH1	Neg	GH	2572	6	0.2	PEAK_TEMP
PBEH2_BCBC90_PLASMIDT7INIT_VR31_DESCLINEARBSAI_TX_RH1	Neg	GH	447	66	14.8	PEAK_TEMP
PBEH2_BCBC91_PLASMIDT7INIT_VR01_DESCSUPERCOIL_NT	Neg	GH	136	0	0	PEAK_TEMP
PBEH2_BCBC91_PLASMIDT7INIT_VR02_DESCSUPERCOIL_NT	Neg	GH	125	2	1.6	PEAK_TEMP
PBEH2_BCBC91_PLASMIDT7INIT_VR03_DESCSUPERCOIL_NT	Neg	GH	74	1	1.4	PEAK_TEMP
PBEH2_BCBC91_PLASMIDT7INIT_VR04_DESCSUPERCOIL_NT	Neg	GH	649	2	0.3	PEAK_TEMP
PBEH2_BCBC91_PLASMIDT7INIT_VR05_DESCSUPERCOIL_NT	Neg	GH	98	1	1	PEAK_TEMP
PBEH2_BCBC91_PLASMIDT7INIT_VR06_DESCSUPERCOIL_NT	Neg	GH	78	0	0	PEAK_TEMP
PBEH2_BCBC91_PLASMIDT7INIT_VR07_DESCSUPERCOIL_NT	Neg	GH	171	1	0.6	PEAK_TEMP
PBEH2_BCBC91_PLASMIDT7INIT_VR08_DESCSUPERCOIL_NT	Neg	GH	41	0	0	PEAK_TEMP
PBEH2_BCBC91_PLASMIDT7INIT_VR09_DESCSUPERCOIL_NT	Neg	GH	95	2	2.1	PEAK_TEMP
PBEH2_BCBC91_PLASMIDT7INIT_VR10_DESCSUPERCOIL_NT	Neg	GH	166	0	0	PEAK_TEMP
PBEH2_BCBC91_PLASMIDT7INIT_VR11_DESCSUPERCOIL_NT	Neg	GH	58	0	0	PEAK_TEMP
PBEH2_BCBC91_PLASMIDT7INIT_VR12_DESCSUPERCOIL_NT	Neg	GH	102	5	4.9	PEAK_TEMP
PBEH2_BCBC91_PLASMIDT7INIT_VR13_DESCSUPERCOIL_NT	Neg	GH	108	0	0	PEAK_TEMP
PBEH2_BCBC91_PLASMIDT7INIT_VR14_DESCSUPERCOIL_NT	Neg	GH	186	2	1.1	PEAK_TEMP
PBEH2_BCBC91_PLASMIDT7INIT_VR15_DESCSUPERCOIL_NT	Neg	GH	109	2	1.8	PEAK_TEMP
PBEH2_BCBC91_PLASMIDT7INIT_VR16_DESCSUPERCOIL_NT	Neg	GH	104	0	0	PEAK_TEMP
PBEH2_BCBC91_PLASMIDT7INIT_VR17_DESCSUPERCOIL_NT	Neg	GH	80	4	5	PEAK_TEMP
PBEH2_BCBC91_PLASMIDT7INIT_VR18_DESCSUPERCOIL_NT	Neg	GH	248	2	0.8	PEAK_TEMP
PBEH2_BCBC91_PLASMIDT7INIT_VR19_DESCSUPERCOIL_NT	Neg	GH	86	0	0	PEAK_TEMP
PBEH2_BCBC91_PLASMIDT7INIT_VR20_DESCSUPERCOIL_NT	Neg	GH	308	2	0.6	PEAK_TEMP
PBEH2_BCBC91_PLASMIDT7INIT_VR21_DESCSUPERCOIL_NT	Neg	GH	87	12	13.8	PEAK_TEMP
PBEH2_BCBC91_PLASMIDT7INIT_VR22_DESCSUPERCOIL_NT	Neg	GH	201	4	2	PEAK_TEMP
PBEH2_BCBC91_PLASMIDT7INIT_VR23_DESCSUPERCOIL_NT	Neg	GH	223	2	0.9	PEAK_TEMP
PBEH2_BCBC91_PLASMIDT7INIT_VR24_DESCSUPERCOIL_NT	Neg	GH	683	2	0.3	PEAK_TEMP
PBEH2_BCBC91_PLASMIDT7INIT_VR25_DESCSUPERCOIL_NT	Neg	GH	1837	37	2	PEAK_TEMP
PBEH2_BCBC91_PLASMIDT7INIT_VR26_DESCSUPERCOIL_NT	Neg	GH	107	1	0.9	PEAK_TEMP
PBEH2_BCBC91_PLASMIDT7INIT_VR27_DESCSUPERCOIL_NT	Neg	GH	464	4	0.9	PEAK_TEMP
PBEH2_BCBC91_PLASMIDT7INIT_VR28_DESCSUPERCOIL_NT	Neg	GH	294	1	0.3	PEAK_TEMP
PBEH2_BCBC91_PLASMIDT7INIT_VR29_DESCSUPERCOIL_NT	Neg	GH	148	0	0	PEAK_TEMP
PBEH2_BCBC91_PLASMIDT7INIT_VR30_DESCSUPERCOIL_NT	Neg	GH	97	1	1	PEAK_TEMP
PBEH2_BCBC91_PLASMIDT7INIT_VR31_DESCSUPERCOIL_NT	Neg	GH	345	8	2.3	PEAK_TEMP
PBEH2_BCBC92_PLASMIDT7INIT_VR01_DESCSUPERCOIL_NT_RH1	Neg	GH	69	0	0	PEAK_TEMP
PBEH2_BCBC92_PLASMIDT7INIT_VR02_DESCSUPERCOIL_NT_RH1	Neg	GH	75	0	0	PEAK_TEMP
PBEH2_BCBC92_PLASMIDT7INIT_VR03_DESCSUPERCOIL_NT_RH1	Neg	GH	31	0	0	PEAK_TEMP
PBEH2_BCBC92_PLASMIDT7INIT_VR04_DESCSUPERCOIL_NT_RH1	Neg	GH	503	2	0.4	PEAK_TEMP
PBEH2_BCBC92_PLASMIDT7INIT_VR05_DESCSUPERCOIL_NT_RH1	Neg	GH	40	1	2.5	PEAK_TEMP
PBEH2_BCBC92_PLASMIDT7INIT_VR06_DESCSUPERCOIL_NT_RH1	Neg	GH	45	0	0	PEAK_TEMP
PBEH2_BCBC92_PLASMIDT7INIT_VR07_DESCSUPERCOIL_NT_RH1	Neg	GH	104	2	1.9	PEAK_TEMP
PBEH2_BCBC92_PLASMIDT7INIT_VR08_DESCSUPERCOIL_NT_RH1	Neg	GH	14	0	0	PEAK_TEMP
PBEH2_BCBC92_PLASMIDT7INIT_VR09_DESCSUPERCOIL_NT_RH1	Neg	GH	48	0	0	PEAK_TEMP
PBEH2_BCBC92_PLASMIDT7INIT_VR10_DESCSUPERCOIL_NT_RH1	Neg	GH	116	3	2.6	PEAK_TEMP
PBEH2_BCBC92_PLASMIDT7INIT_VR11_DESCSUPERCOIL_NT_RH1	Neg	GH	46	0	0	PEAK_TEMP
PBEH2_BCBC92_PLASMIDT7INIT_VR12_DESCSUPERCOIL_NT_RH1	Neg	GH	43	1	2.3	PEAK_TEMP
PBEH2_BCBC92_PLASMIDT7INIT_VR13_DESCSUPERCOIL_NT_RH1	Neg	GH	50	1	2	PEAK_TEMP
PBEH2_BCBC92_PLASMIDT7INIT_VR14_DESCSUPERCOIL_NT_RH1	Neg	GH	84	1	1.2	PEAK_TEMP
PBEH2_BCBC92_PLASMIDT7INIT_VR15_DESCSUPERCOIL_NT_RH1	Neg	GH	53	0	0	PEAK_TEMP
PBEH2_BCBC92_PLASMIDT7INIT_VR16_DESCSUPERCOIL_NT_RH1	Neg	GH	49	0	0	PEAK_TEMP
PBEH2_BCBC92_PLASMIDT7INIT_VR17_DESCSUPERCOIL_NT_RH1	Neg	GH	40	2	5	PEAK_TEMP
PBEH2_BCBC92_PLASMIDT7INIT_VR18_DESCSUPERCOIL_NT_RH1	Neg	GH	138	1	0.7	PEAK_TEMP
PBEH2_BCBC92_PLASMIDT7INIT_VR19_DESCSUPERCOIL_NT_RH1	Neg	GH	47	0	0	PEAK_TEMP
PBEH2_BCBC92_PLASMIDT7INIT_VR20_DESCSUPERCOIL_NT_RH1	Neg	GH	359	8	2.2	PEAK_TEMP
PBEH2_BCBC92_PLASMIDT7INIT_VR21_DESCSUPERCOIL_NT_RH1	Neg	GH	50	3	6	PEAK_TEMP
PBEH2_BCBC92_PLASMIDT7INIT_VR22_DESCSUPERCOIL_NT_RH1	Neg	GH	110	0	0	PEAK_TEMP
PBEH2_BCBC92_PLASMIDT7INIT_VR23_DESCSUPERCOIL_NT_RH1	Neg	GH	120	1	0.8	PEAK_TEMP
PBEH2_BCBC92_PLASMIDT7INIT_VR24_DESCSUPERCOIL_NT_RH1	Neg	GH	532	0	0	PEAK_TEMP
PBEH2_BCBC92_PLASMIDT7INIT_VR25_DESCSUPERCOIL_NT_RH1	Neg	GH	1984	24	1.2	PEAK_TEMP
PBEH2_BCBC92_PLASMIDT7INIT_VR26_DESCSUPERCOIL_NT_RH1	Neg	GH	50	1	2	PEAK_TEMP
PBEH2_BCBC92_PLASMIDT7INIT_VR27_DESCSUPERCOIL_NT_RH1	Neg	GH	366	5	1.4	PEAK_TEMP
PBEH2_BCBC92_PLASMIDT7INIT_VR28_DESCSUPERCOIL_NT_RH1	Neg	GH	162	1	0.6	PEAK_TEMP
PBEH2_BCBC92_PLASMIDT7INIT_VR29_DESCSUPERCOIL_NT_RH1	Neg	GH	79	0	0	PEAK_TEMP
PBEH2_BCBC92_PLASMIDT7INIT_VR30_DESCSUPERCOIL_NT_RH1	Neg	GH	44	0	0	PEAK_TEMP
PBEH2_BCBC92_PLASMIDT7INIT_VR31_DESCSUPERCOIL_NT_RH1	Neg	GH	307	18	5.9	PEAK_TEMP
PBEH2_BCBC93_PLASMIDT7INIT_VR01_DESCLINEARPSII_NT	Neg	GH	219	1	0.5	PEAK_TEMP
PBEH2_BCBC93_PLASMIDT7INIT_VR02_DESCLINEARPSII_NT	Neg	GH	269	0	0	PEAK_TEMP
PBEH2_BCBC93_PLASMIDT7INIT_VR03_DESCLINEARPSII_NT	Neg	GH	110	0	0	PEAK_TEMP
PBEH2_BCBC93_PLASMIDT7INIT_VR04_DESCLINEARPSII_NT	Neg	GH	789	0	0	PEAK_TEMP
PBEH2_BCBC93_PLASMIDT7INIT_VR05_DESCLINEARPSII_NT	Neg	GH	118	0	0	PEAK_TEMP
PBEH2_BCBC93_PLASMIDT7INIT_VR06_DESCLINEARPSII_NT	Neg	GH	137	0	0	PEAK_TEMP
PBEH2_BCBC93_PLASMIDT7INIT_VR07_DESCLINEARPSII_NT	Neg	GH	284	0	0	PEAK_TEMP
PBEH2_BCBC93_PLASMIDT7INIT_VR08_DESCLINEARPSII_NT	Neg	GH	35	0	0	PEAK_TEMP
PBEH2_BCBC93_PLASMIDT7INIT_VR09_DESCLINEARPSII_NT	Neg	GH	149	0	0	PEAK_TEMP
PBEH2_BCBC93_PLASMIDT7INIT_VR10_DESCLINEARPSII_NT	Neg	GH	233	0	0	PEAK_TEMP
PBEH2_BCBC93_PLASMIDT7INIT_VR11_DESCLINEARPSII_NT	Neg	GH	117	0	0	PEAK_TEMP
PBEH2_BCBC93_PLASMIDT7INIT_VR12_DESCLINEARPSII_NT	Neg	GH	117	0	0	PEAK_TEMP
PBEH2_BCBC93_PLASMIDT7INIT_VR13_DESCLINEARPSII_NT	Neg	GH	198	0	0	PEAK_TEMP
PBEH2_BCBC93_PLASMIDT7INIT_VR14_DESCLINEARPSII_NT	Neg	GH	254	0	0	PEAK_TEMP
PBEH2_BCBC93_PLASMIDT7INIT_VR15_DESCLINEARPSII_NT	Neg	GH	175	0	0	PEAK_TEMP
PBEH2_BCBC93_PLASMIDT7INIT_VR16_DESCLINEARPSII_NT	Neg	GH	177	0	0	PEAK_TEMP
PBEH2_BCBC93_PLASMIDT7INIT_VR17_DESCLINEARPSII_NT	Neg	GH	87	0	0	PEAK_TEMP
PBEH2_BCBC93_PLASMIDT7INIT_VR18_DESCLINEARPSII_NT	Neg	GH	370	0	0	PEAK_TEMP
PBEH2_BCBC93_PLASMIDT7INIT_VR19_DESCLINEARPSII_NT	Neg	GH	148	0	0	PEAK_TEMP
PBEH2_BCBC93_PLASMIDT7INIT_VR20_DESCLINEARPSII_NT	Neg	GH	467	0	0	PEAK_TEMP
PBEH2_BCBC93_PLASMIDT7INIT_VR21_DESCLINEARPSII_NT	Neg	GH	115	0	0	PEAK_TEMP
PBEH2_BCBC93_PLASMIDT7INIT_VR22_DESCLINEARPSII_NT	Neg	GH	363	0	0	PEAK_TEMP
PBEH2_BCBC93_PLASMIDT7INIT_VR23_DESCLINEARPSII_NT	Neg	GH	397	0	0	PEAK_TEMP
PBEH2_BCBC93_PLASMIDT7INIT_VR24_DESCLINEARPSII_NT	Neg	GH	810	0	0	PEAK_TEMP
PBEH2_BCBC93_PLASMIDT7INIT_VR25_DESCLINEARPSII_NT	Neg	GH	1986	0	0	PEAK_TEMP
PBEH2_BCBC93_PLASMIDT7INIT_VR26_DESCLINEARPSII_NT	Neg	GH	177	0	0	PEAK_TEMP
PBEH2_BCBC93_PLASMIDT7INIT_VR27_DESCLINEARPSII_NT	Neg	GH	606	0	0	PEAK_TEMP
PBEH2_BCBC93_PLASMIDT7INIT_VR28_DESCLINEARPSII_NT	Neg	GH	460	0	0	PEAK_TEMP
PBEH2_BCBC93_PLASMIDT7INIT_VR29_DESCLINEARPSII_NT	Neg	GH	249	0	0	PEAK_TEMP
PBEH2_BCBC93_PLASMIDT7INIT_VR30_DESCLINEARPSII_NT	Neg	GH	121	0	0	PEAK_TEMP
PBEH2_BCBC93_PLASMIDT7INIT_VR31_DESCLINEARPSII_NT	Neg	GH	209	0	0	PEAK_TEMP
PBEH2_BCBC94_PLASMIDT7INIT_VR01_DESCLINEARPSII_NT_RH1	Neg	GH	170	0	0	PEAK_TEMP
PBEH2_BCBC94_PLASMIDT7INIT_VR02_DESCLINEARPSII_NT_RH1	Neg	GH	215	0	0	PEAK_TEMP
PBEH2_BCBC94_PLASMIDT7INIT_VR03_DESCLINEARPSII_NT_RH1	Neg	GH	101	0	0	PEAK_TEMP
PBEH2_BCBC94_PLASMIDT7INIT_VR04_DESCLINEARPSII_NT_RH1	Neg	GH	626	1	0.2	PEAK_TEMP
PBEH2_BCBC94_PLASMIDT7INIT_VR05_DESCLINEARPSII_NT_RH1	Neg	GH	134	0	0	PEAK_TEMP
PBEH2_BCBC94_PLASMIDT7INIT_VR06_DESCLINEARPSII_NT_RH1	Neg	GH	122	0	0	PEAK_TEMP
PBEH2_BCBC94_PLASMIDT7INIT_VR07_DESCLINEARPSII_NT_RH1	Neg	GH	263	0	0	PEAK_TEMP
PBEH2_BCBC94_PLASMIDT7INIT_VR08_DESCLINEARPSII_NT_RH1	Neg	GH	45	0	0	PEAK_TEMP
PBEH2_BCBC94_PLASMIDT7INIT_VR09_DESCLINEARPSII_NT_RH1	Neg	GH	153	0	0	PEAK_TEMP
PBEH2_BCBC94_PLASMIDT7INIT_VR10_DESCLINEARPSII_NT_RH1	Neg	GH	201	0	0	PEAK_TEMP
PBEH2_BCBC94_PLASMIDT7INIT_VR11_DESCLINEARPSII_NT_RH1	Neg	GH	134	0	0	PEAK_TEMP
PBEH2_BCBC94_PLASMIDT7INIT_VR12_DESCLINEARPSII_NT_RH1	Neg	GH	99	0	0	PEAK_TEMP
PBEH2_BCBC94_PLASMIDT7INIT_VR13_DESCLINEARPSII_NT_RH1	Neg	GH	159	0	0	PEAK_TEMP
PBEH2_BCBC94_PLASMIDT7INIT_VR14_DESCLINEARPSII_NT_RH1	Neg	GH	236	0	0	PEAK_TEMP
PBEH2_BCBC94_PLASMIDT7INIT_VR15_DESCLINEARPSII_NT_RH1	Neg	GH	161	0	0	PEAK_TEMP
PBEH2_BCBC94_PLASMIDT7INIT_VR16_DESCLINEARPSII_NT_RH1	Neg	GH	142	0	0	PEAK_TEMP
PBEH2_BCBC94_PLASMIDT7INIT_VR17_DESCLINEARPSII_NT_RH1	Neg	GH	70	0	0	PEAK_TEMP
PBEH2_BCBC94_PLASMIDT7INIT_VR18_DESCLINEARPSII_NT_RH1	Neg	GH	309	0	0	PEAK_TEMP
PBEH2_BCBC94_PLASMIDT7INIT_VR19_DESCLINEARPSII_NT_RH1	Neg	GH	126	0	0	PEAK_TEMP
PBEH2_BCBC94_PLASMIDT7INIT_VR20_DESCLINEARPSII_NT_RH1	Neg	GH	461	0	0	PEAK_TEMP
PBEH2_BCBC94_PLASMIDT7INIT_VR21_DESCLINEARPSII_NT_RH1	Neg	GH	101	0	0	PEAK_TEMP
PBEH2_BCBC94_PLASMIDT7INIT_VR22_DESCLINEARPSII_NT_RH1	Neg	GH	275	0	0	PEAK_TEMP
PBEH2_BCBC94_PLASMIDT7INIT_VR23_DESCLINEARPSII_NT_RH1	Neg	GH	301	1	0.3	PEAK_TEMP
PBEH2_BCBC94_PLASMIDT7INIT_VR24_DESCLINEARPSII_NT_RH1	Neg	GH	629	0	0	PEAK_TEMP
PBEH2_BCBC94_PLASMIDT7INIT_VR25_DESCLINEARPSII_NT_RH1	Neg	GH	1815	0	0	PEAK_TEMP
PBEH2_BCBC94_PLASMIDT7INIT_VR26_DESCLINEARPSII_NT_RH1	Neg	GH	114	1	0.9	PEAK_TEMP
PBEH2_BCBC94_PLASMIDT7INIT_VR27_DESCLINEARPSII_NT_RH1	Neg	GH	476	0	0	PEAK_TEMP
PBEH2_BCBC94_PLASMIDT7INIT_VR28_DESCLINEARPSII_NT_RH1	Neg	GH	461	0	0	PEAK_TEMP
PBEH2_BCBC94_PLASMIDT7INIT_VR29_DESCLINEARPSII_NT_RH1	Neg	GH	197	0	0	PEAK_TEMP
PBEH2_BCBC94_PLASMIDT7INIT_VR30_DESCLINEARPSII_NT_RH1	Neg	GH	103	0	0	PEAK_TEMP
PBEH2_BCBC94_PLASMIDT7INIT_VR31_DESCLINEARPSII_NT_RH1	Neg	GH	80	2	2.5	PEAK_TEMP
